YEAR,LAKE,Date,Date2,DOY,pH_surface,SRP_ug_L,TDP_ug_L,TDN_ug_L,RunNo,NO2_ug_L,NH4_ug_L,DOC_mg_L,TIC_mg_L,SO4_mg_L,Si_mg_L,NO3_ug_L
1994,B,04-Jul-94,1994-07-04,185,7.7,163,,706.8,,,,11.7,,,,
1994,B,18-Jul-94,1994-07-18,199,8.35,71,,657,,,,14.3,,,,
1994,B,28-Jul-94,1994-07-28,209,9.25,181,,637,,,,9.71,,,,
1994,B,18-Aug-94,1994-08-18,230,8.1,112,,312,,,,18.12,,,,
1995,B,04-May-95,1995-05-04,124,7.85,20,,,,,230,1.1,,,,1000
1995,B,16-May-95,1995-05-16,136,7.5,0.1,,,,,50,2.1,,,,360
1995,B,26-May-95,1995-05-26,146,8.08,10,,,,,100,5.2,,,,30
1995,B,09-Jun-95,1995-06-09,160,7.71,10,,,,,40,5.2,,,,0
1995,B,23-Jun-95,1995-06-23,174,8.17,30,,,,,60,5.3,,,,0
1995,B,11-Jul-95,1995-07-11,192,7.6,30,,,,,90,5.6,,,,0
1995,B,21-Jul-95,1995-07-21,202,8.15,,,,,,,,,,,
1995,B,02-Aug-95,1995-08-02,214,8.1,50,,,,,680,28,,,,440
1995,B,24-Aug-95,1995-08-24,236,8.43,50,,,,,20,3.8,,,,610
1996,B,08-May-96,1996-05-08,129,7.9,10,,,,,35,1.82,,,,11
1996,B,22-May-96,1996-05-22,143,8.01,19,,,,,10,6.52,,,,54
1996,B,06-Jun-96,1996-06-06,158,8.15,6,,,,,30,2.98,,,,22
1996,B,18-Jun-96,1996-06-18,170,,6,,,,,10,6.84,,,,22
1996,B,03-Jul-96,1996-07-03,185,8.69,3,,,,,7,4.56,,,,11
1996,B,19-Jul-96,1996-07-19,201,8.56,22,,,,,11,4.35,,,,32
1996,B,02-Aug-96,1996-08-02,215,8.27,16,,,,,18,7.33,,,,32
1996,B,19-Aug-96,1996-08-19,232,8.9,38,,,,,78,3.81,,,,119
1997,B,08-May-97,1997-05-08,128,9.41,17,,,,,8,19.77,,,,4
1997,B,26-May-97,1997-05-26,146,9.06,10,,,,,8,6.2,,,,2
1997,B,09-Jun-97,1997-06-09,160,8.95,10,,,,,8,4.82,,,,10
1997,B,25-Jun-97,1997-06-25,176,8.97,27,,,,,80,13.65,,,,438
1997,B,08-Jul-97,1997-07-08,189,8.28,7,,,,,8,5.91,,,,2
1997,B,24-Jul-97,1997-07-24,205,8.18,17,,,,,32,6.61,,,,13
1997,B,05-Aug-97,1997-08-05,217,8.53,7,,,,,136,8.63,,,,8
1997,B,21-Aug-97,1997-08-21,233,8.5,7,,,,,112,5.28,,,,10
1998,B,15-May-98,1998-05-15,135,7.1,5,25,450,,,30,6.69,16.24,,,60
1998,B,01-Jun-98,1998-06-01,152,9.1,5,30,350,,,33,4.17,11.2,,,50
1998,B,15-Jun-98,1998-06-15,166,9,5,30,350,,,60,2.9,11.23,,,30
1998,B,30-Jun-98,1998-06-30,181,9.2,2.5,80,350,,,12,6.51,15.42,,,10
1998,B,15-Jul-98,1998-07-15,196,9.3,5,20,300,,,15,6.42,13.3,,,10
1998,B,31-Jul-98,1998-07-31,212,9.6,5,20,400,,,2,7.18,24.85,,,10
1998,B,21-Aug-98,1998-08-21,233,9.2,5,25,400,,,3,7.97,19.37,,,5
1998,B,22-Sep-98,1998-09-22,265,9.5,16,65,700,,,78,8.68,27.64,,,30
1999,B,05-May-99,1999-05-05,125,,100,,560,,,78,8.56,22.51,,,4
1999,B,17-May-99,1999-05-17,137,7.9,10,,410,,,14,7.77,24.7,,,7
1999,B,30-May-99,1999-05-30,150,8.3,0.11,,525,,,2,7.11,30.16,,,0
1999,B,14-Jun-99,1999-06-14,165,8.6,0.1,,525,,,2,7.46,28.08,,,0
1999,B,04-Jul-99,1999-07-04,185,9.1,30,,1350,,,201,9.5,27.31,,,14
1999,B,13-Jul-99,1999-07-13,194,9.2,20,,525,,,0,8.94,27.86,,,4
1999,B,06-Aug-99,1999-08-06,218,9.4,2200,,1125,,,440,10.41,24.58,,,14
1999,B,20-Aug-99,1999-08-20,232,7.3,30,,1200,,,328,12.8,26.09,,,28
1999,B,28-Aug-99,1999-08-28,240,8,10,,640,,,3,9.98,27.81,,,21
2000,B,07-May-00,2000-05-07,128,7.8,2,,,,,0,6.43,43.76,,,15
2000,B,19-May-00,2000-05-19,140,8.09,,,,,,0,5.83,43.14,,,12
2000,B,05-Jun-00,2000-06-05,157,8.32,8,,,,,0,5.26,42.57,,,12
2000,B,20-Jun-00,2000-06-20,172,8.34,27,,,,,19,6.29,41.9,,,10
2000,B,07-Jul-00,2000-07-07,189,8.08,65,,,,,18,5.48,37.21,,,11
2000,B,24-Jul-00,2000-07-24,206,8.09,18,,,,,17,5.91,33.85,,,9
2000,B,08-Aug-00,2000-08-08,221,,76,,,,,14,5.62,36.32,,,8
2000,B,22-Aug-00,2000-08-22,235,,16,,,,,25,7.96,34.35,,,10
2001,B,04-May-01,2001-05-04,124,8.59,,17.2,218.2,54,,9.8,4.95,14.34,,,9.1
2001,B,16-May-01,2001-05-16,136,8.64,,,,27,,,1.4,18.69,,,
2001,B,06-Jun-01,2001-06-06,157,8.57,,93.6,616.9,41,,2.9,5.83,51.17,,,181.3
2001,B,15-Jun-01,2001-06-15,166,9.02,,18.4,351.7,38,,4.9,5.28,52.28,,,137.5
2001,B,25-Jun-01,2001-06-25,176,8.63,,40.6,328.6,44,,0,5.49,47.97,,,103.1
2001,B,13-Jul-01,2001-07-13,194,8.89,,11.8,399.8,55,,0,4.01,45.43,,,100.4
2001,B,27-Jul-01,2001-07-27,208,6.81,,16.2,384.5,36,,15.2,6.18,42.44,,,94.8
2001,B,09-Aug-01,2001-08-09,221,8.73,,13.6,394.4,45,,0,6.77,42.06,,,101.4
2001,B,28-Aug-01,2001-08-28,240,8.93,,14.9,408.2,47,,0,5.62,40.83,,,42
2002,B,08-May-02,2002-05-08,128,9.61,,12,296.1,9,,4,7.4,,,,5
2002,B,23-May-02,2002-05-23,143,7.93,,16,387.6,30,,1,4.53,,,,35
2002,B,05-Jun-02,2002-06-05,156,8.21,,29,462.1,39,,27,17.98,,,,228
2002,B,20-Jun-02,2002-06-20,171,7.05,,25,793.7,19,,26,4.76,,,,37
2002,B,03-Jul-02,2002-07-03,184,7.8,,40,414.9,20,,13,6.04,,,,72
2002,B,22-Jul-02,2002-07-22,203,8.7,,31,419.7,18,,12,5.57,,,,33
2002,B,06-Aug-02,2002-08-06,218,7.6,,13,1280,16,,9,6.5,,,,8
2002,B,19-Aug-02,2002-08-19,231,8.86,,98,474.6,40,,12,5.33,,,,52
2003,B,06-May-03,2003-05-06,126,8.47,,18,370.1,,,0,5.42,38.13,103.26,,33
2003,B,21-May-03,2003-05-21,141,8.22,,10,339.9,,,0,4.45,37.29,102.84,,23
2003,B,04-Jun-03,2003-06-04,155,8.87,,15,417.4,,,0,6.86,35.52,101.39,,42
2003,B,20-Jun-03,2003-06-20,171,8.83,,30,493.8,,,0,5.58,31.51,110.16,,48
2003,B,27-Jun-03,2003-06-27,178,9.09,,17,462.3,,,0,4.43,31.62,113.92,,31
2003,B,14-Jul-03,2003-07-14,195,9.02,,40,490.7,,,0,4.79,29.84,115.4,,18
2003,B,29-Jul-03,2003-07-29,210,9.43,,18,505.6,,,0,5.48,24.18,124.49,,37
2003,B,13-Aug-03,2003-08-13,225,9.47,,56,452.1,,,0,5.73,27.96,110.85,,0
2003,B,20-Aug-03,2003-08-20,232,9.19,,132,414.9,,,0,5.72,29.04,113.23,,0
2004,B,07-May-04,2004-05-07,128,8.52,7.2,14.2,373.35,,56.11,0,3.9,34.09,,,29.32
2004,B,26-May-04,2004-05-26,147,8.9,4.5,10.8,342.94,,0.17,15.35,4.75,33.94,,,33.52
2004,B,04-Jun-04,2004-06-04,156,8.7,7.3,13.3,266.21,,0.61,20.8,3.96,32.69,,,105.34
2004,B,16-Jun-04,2004-06-16,168,8.9,4.8,11.7,283.41,,30.7,,4.66,,,,43.96
2004,B,28-Jun-04,2004-06-28,180,8.9,7.6,18,334.23,,0.72,,4.52,,,,114.6
2004,B,12-Jul-04,2004-07-12,194,8.8,8.8,16,462.2,,4.99,11.9,4.85,,,,7.36
2004,B,29-Jul-04,2004-07-29,211,8.9,4,24,535.14,,0.61,1.85,5.77,,,,2.49
2004,B,11-Aug-04,2004-08-11,224,8.9,5.6,16.5,709.5,,2.14,136.56,6.01,,,,8.64
2005,B,10-May-05,2005-05-10,130,9.4,8.5,17.4,349.8,,,25.2,4.74,30.83,,,15.2
2005,B,20-May-05,2005-05-20,140,9.3,10.6,18.4,473.89,,,41.2,3.91,33.37,,,8.11
2005,B,03-Jun-05,2005-06-03,154,8.9,13.7,21.2,418.1,,,33.8,3.15,31.6,,,11.9
2005,B,17-Jun-05,2005-06-17,168,8.9,14.7,29.6,345.08,,,28.9,2.94,32.31,,,9.92
2005,B,30-Jun-05,2005-06-30,181,9.3,35.2,45.3,437.98,,,29.2,2.58,31.85,,,8.02
2005,B,15-Jul-05,2005-07-15,196,9.3,38.6,48.1,376.7,,,40.2,3.59,28.59,,,9.3
2005,B,29-Jul-05,2005-07-29,210,9.7,4.7,23,525,,,51.9,4.58,26.03,,,6.76
2005,B,11-Aug-05,2005-08-11,223,9.6,10.6,23,576.2,,,126,3.51,23.73,,,14.8
2006,B,08-May-06,2006-05-08,128,8.8,4.12,19.01,378.44,74807,,30.5,16.57,28.88,,,3.56
2006,B,23-May-06,2006-05-23,143,9.1,9.47,20.3,393.87,74815,,26.7,14.45,30.32,,,8.13
2006,B,05-Jun-06,2006-06-05,156,9.4,4.23,13.28,384.59,74823,,33.7,12.88,30.86,,,4.41
2006,B,19-Jun-06,2006-06-19,170,9.4,10.25,20.59,434,74831,,45.3,9.36,29.93,,,7
2006,B,04-Jul-06,2006-07-04,185,9.4,12.14,24.66,471.2,74840,,28,10.45,29.14,,,34.8
2006,B,17-Jul-06,2006-07-17,198,9.5,10.91,22.94,523.8,74848,,52,9.4,27.94,,,12.2
2006,B,31-Jul-06,2006-07-31,212,9.5,18.54,31.55,532.1,74857,,46.3,9.68,25.58,,,23.9
2006,B,11-Aug-06,2006-08-11,223,10.1,7.97,19.28,510.63,74863,,18.9,12.14,26.2,,,3.37
2006,B,28-Aug-06,2006-08-28,240,10.2,13.55,27.71,542.4,74872,,22,10.35,25.64,,,12.6
2007,B,07-May-07,2007-05-07,127,8.6,9,15,519,,,0.2,9.61,30.51,99.19,0.07,169
2007,B,22-May-07,2007-05-22,142,8.6,12,25,626,,,0.2,8.83,30.91,100.31,0.08,303
2007,B,04-Jun-07,2007-06-04,155,9,4,14,495,,,0.2,9.56,30.81,101.8,0.07,166
2007,B,19-Jun-07,2007-06-19,170,8.5,5,15,596,,,0.2,9.29,29.01,100.83,0.58,267
2007,B,03-Jul-07,2007-07-03,184,8.7,8,16,585,,,0.2,9.42,28.97,101,0.69,200
2007,B,16-Jul-07,2007-07-16,197,8.5,8,17,531,,,0.2,8.19,28,105.46,2.21,180
2007,B,30-Jul-07,2007-07-30,211,8.9,6,13,469,,,0.2,8.99,27.67,107.91,3.16,145
2007,B,13-Aug-07,2007-08-13,225,8.9,12,20,493,,,0.2,8.13,26.01,112.6,4.58,178
2007,B,22-Aug-07,2007-08-22,234,8.6,10,20,490,,,0.2,9.07,27.16,116.93,4.42,169
2008,B,12-May-08,2008-05-12,133,8.5,6,13.6,452,,,0.2,6.77,39.24,,0,88
2008,B,26-May-08,2008-05-26,147,8.5,26,35.6,541,,,0.2,5.99,38.2,,0,172
2008,B,09-Jun-08,2008-06-09,161,8.7,15,21.2,521,,,0.2,5.89,39.03,,0,158
2008,B,23-Jun-08,2008-06-23,175,8.4,33,42,508,,,0.2,5.98,37.49,,0,158
2008,B,07-Jul-08,2008-07-07,189,8.5,10,18.1,434,,,0.2,5.91,37.33,,0,103
2008,B,21-Jul-08,2008-07-21,203,8.8,12,19.5,473,,,0.2,5.41,35.1,,0,140
2008,B,05-Aug-08,2008-08-05,218,9.1,1,9.01,491,,,11,6.56,34.53,,0,5
2008,B,18-Aug-08,2008-08-18,231,8.9,5,13.6,549,,,11,5.35,30.96,,0,93
2008,B,02-Sep-08,2008-09-02,246,8.9,5,14.7,541,,,0.2,6.49,31.35,,0,129
2009,B,11-May-09,2009-05-11,125,8.6,24,46,499,,,0.2,7.34,38.83,,0,136
2009,B,20-May-09,2009-05-20,140,8.8,13,28,438,,,9,7.31,42.19,,0,118
2009,B,08-Jun-09,2009-06-08,159,8.7,9,18,327,,,7,6.87,38.52,,0,21
2009,B,22-Jun-09,2009-06-22,173,9.2,26,49,467,,,0.2,8.6,34.33,,0,157
2009,B,06-Jul-09,2009-07-06,187,8.7,6,15,361,,,0.2,6.47,36.88,,0,56
2009,B,20-Jul-09,2009-07-20,201,8.8,11,25,485,,,0.2,8.73,34.42,,0,163
2009,B,04-Aug-09,2009-08-04,216,9.2,20,43,560,,,0.2,10.56,35.62,,0,228
2009,B,17-Aug-09,2009-08-17,229,9.8,5,20,463,,,5,9.27,34.92,,0,43
2009,B,31-Aug-09,2009-08-31,243,8,25,49,567,,,8,7.05,37.7,,0,145
2010,B,10-May-10,2010-05-10,130,8.7,12,20,329,,,0.2,18.19,29.26,,0,61
2010,B,25-May-10,2010-05-25,145,8.6,13,23,363,,,0.2,21.21,28.61,,0,70
2010,B,07-Jun-10,2010-06-07,158,8.9,9,20,578,,,0.2,19.04,29.82,,0,181
2010,B,21-Jun-10,2010-06-21,172,9.5,9,20,393,,,0.2,17.7,30.66,,0,69
2010,B,05-Jul-10,2010-07-05,186,9.3,15,26,490,,,0.2,13.55,25.89,,0,120
2010,B,14-Jul-10,2010-07-14,195,8.4,10,22,487,,,0.2,15.44,25.35,,0,67
2010,B,03-Aug-10,2010-08-03,215,9.7,31,54,694,,,0.2,12.49,23.55,,0,226
2010,B,16-Aug-10,2010-08-16,228,10.3,10,28,604,,,24,19.43,24.96,,0,44
2010,B,30-Aug-10,2010-08-30,242,10.3,11,28,660,,,23,16.45,23.26,,0,88
2011,B,09-May-11,2011-05-09,129,8.8,39,54,800,,,0.2,2.58,31.68,,0,390
2011,B,24-May-11,2011-05-24,144,8.6,13,21,521,,,0.2,3.68,34.87,,0,152
2011,B,06-Jun-11,2011-06-06,157,8.8,12,22,424,,,0.2,2.96,34.93,,0,12
2011,B,20-Jun-11,2011-06-20,171,8.7,33,40,547,,,0.2,1.76,37.1,,0,104
2011,B,04-Jul-11,2011-07-04,185,9.2,57,64,740,,,0.2,3.69,36.07,,0,169
2011,B,13-Jul-11,2011-07-13,194,9.6,37,33,617,,,0.2,2.88,37.54,,0,63
2011,B,02-Aug-11,2011-08-02,214,8.2,156,132,643,,,0.2,4.25,35.68,,0,14
2011,B,15-Aug-11,2011-08-15,227,9,64,60,632,,,0.2,6.84,32.08,,0,56
2011,B,29-Aug-11,2011-08-29,241,8.8,39,45,597,,,0.2,4.61,31.57,,0,5
2012,B,07-May-12,2012-05-07,128,8.8,20,28,399,,,0.2,8.5,44.73,,0,40
2012,B,22-May-12,2012-05-22,143,8.6,12,21,430,,,0.2,0.45,46.14,,0,48
2012,B,04-Jun-12,2012-06-04,156,8.6,20,31,432,,,0.2,31.07,43.68,,0,66
2012,B,18-Jun-12,2012-06-18,170,8.6,13,23,480,,,0.2,4.46,46.31,,0,88
2012,B,28-Jun-12,2012-06-28,180,8.65,8,15,463,,,0.2,6.12,42.12,,0,110
2012,B,16-Jul-12,2012-07-16,198,8.22,42,53,748,,,0.2,3.85,42.21,,0,373
2012,B,25-Jul-12,2012-07-25,207,8.72,33,45,634,,,0.2,2.19,40.77,,0,183
2012,B,13-Aug-12,2012-08-13,226,9.14,47,51,631,,,36,4.04,31.84,,0,17
2012,B,27-Aug-12,2012-08-27,240,8.63,107,121,1110,,,130,10.36,41.66,,0,58
2013,B,21-May-13,2013-05-21,141,8.72,25,30,617,,,0.3,4.91,30.93,,0,184
2013,B,03-Jun-13,2013-06-03,154,8.56,16,19,445,,,16,4.84,34.02,,0,10
2013,B,17-Jun-13,2013-06-17,168,8.63,18,24,475,,,0.3,4.9,37.24,,0,39
2013,B,02-Jul-13,2013-07-02,183,9.78,27,34,523,,,27,5.04,35.06,,0,22
2013,B,15-Jul-13,2013-07-15,196,10.2,20,22,555,,,0.3,5.14,33.17,,0,67
2013,B,29-Jul-13,2013-07-29,210,9,24,28,605,,,20,5.34,32.34,,0,63
2013,B,12-Aug-13,2013-08-12,224,9.3,4,10,618,,,30,5.92,30.67,,0,10
2013,B,26-Aug-13,2013-08-26,238,9.2,8,18,608,,,9,6.08,29.62,,0,11
2014,B,12-May-14,2014-05-12,132,8.3,59,71,831,,,0.3,11.43,51.08,,0,376
2014,B,26-May-14,2014-05-26,146,8.3,13,25,490,,,0.3,5.83,31.99,,0,47
2014,B,09-Jun-14,2014-06-09,160,8.7,25,37,594,,,0.3,5.93,33.32,,0,164
2014,B,23-Jun-14,2014-06-23,174,9.1,29,32,558,,,0.3,6.33,34.2,,0,57
2014,B,07-Jul-14,2014-07-07,188,9.8,81,95,1160,,,0.3,6.87,33.98,,0,581
2014,B,21-Jul-14,2014-07-21,202,9,17,31,776,,,63,7.44,35.45,,0,31
2014,B,05-Aug-14,2014-08-05,217,9.1,23,33,672,,,6,7.96,35.92,,0,3
2014,B,18-Aug-14,2014-08-18,230,8.7,53,66,732,,,0.3,8.21,37.25,,0,45
1994,C,05-Jul-94,1994-07-05,186,9.2,510,,1091,,,,3.1,,,,
1994,C,22-Jul-94,1994-07-22,203,8.65,724,,1811,,,,7.01,,,,
1994,C,03-Aug-94,1994-08-03,215,8.8,685,,723.1,,,,17.31,,,,
1994,C,23-Aug-94,1994-08-23,235,9.75,489,,623.1,,,,14.83,,,,
1995,C,15-May-95,1995-05-15,135,7.93,110,,,,,160,19,,,,460
1995,C,19-May-95,1995-05-19,139,,,,,,,,,,,,
1995,C,29-May-95,1995-05-29,149,8.07,20,,,,,20,9,,,,280
1995,C,08-Jun-95,1995-06-08,159,8.2,30,,,,,140,10,,,,0
1995,C,21-Jun-95,1995-06-21,172,8.52,60,,,,,80,12,,,,0
1995,C,13-Jul-95,1995-07-13,194,8.79,,,,,,,,,,,
1995,C,26-Jul-95,1995-07-26,207,8.57,240,,,,,0,10,,,,1000
1995,C,15-Aug-95,1995-08-15,227,8.57,120,,,,,350,12,,,,0
1995,C,31-Aug-95,1995-08-31,243,,220,,,,,0,10,,,,1000
1996,C,17-May-96,1996-05-17,138,8.1,35,,,,,18,7.49,,,,130
1996,C,31-May-96,1996-05-31,152,8,10,,,,,48,14.14,,,,76
1996,C,13-Jun-96,1996-06-13,165,8.5,25,,,,,106,9.16,,,,162
1996,C,27-Jun-96,1996-06-27,179,8.7,19,,,,,18,7.37,,,,4
1996,C,15-Jul-96,1996-07-15,197,8.87,29,,,,,6,6.85,,,,173
1996,C,26-Jul-96,1996-07-26,208,8.6,324,,,,,78,13.33,,,,108
1996,C,14-Aug-96,1996-08-14,227,8.4,38,,,,,54,25.58,,,,28
1996,C,26-Aug-96,1996-08-26,239,8.69,32,,,,,30,7.79,,,,325
1997,C,20-May-97,1997-05-20,140,8.46,29,,,,,32,2.54,,,,13
1997,C,06-Jun-97,1997-06-06,157,8.69,26,,,,,8,5.08,,,,2
1997,C,20-Jun-97,1997-06-20,171,8.76,32,,,,,20,6.18,,,,13
1997,C,02-Jul-97,1997-07-02,183,8.16,29,,,,,115,5.82,,,,25
1997,C,19-Jul-97,1997-07-19,200,8.15,13,,,,,56,6.33,,,,13
1997,C,01-Aug-97,1997-08-01,213,8.46,10,,,,,8,7.22,,,,10
1997,C,15-Aug-97,1997-08-15,227,9.09,42,,,,,8,7.32,,,,3
1997,C,04-Sep-97,1997-09-04,247,,74,,,,,88,28.23,,,,8
1998,C,14-May-98,1998-05-14,134,9.5,11,65,650,,,42,9.62,39.23,,,40
1998,C,28-May-98,1998-05-28,148,9.5,5,75,1000,,,36,10.29,37.32,,,10
1998,C,12-Jun-98,1998-06-12,163,9.4,5,25,450,,,72,10.25,36.27,,,30
1998,C,24-Jun-98,1998-06-24,175,9.4,11,35,950,,,66,9.81,22.72,,,10
1998,C,13-Jul-98,1998-07-13,194,9.8,5,35,1300,,,18,9.97,34.93,,,10
1998,C,29-Jul-98,1998-07-29,210,9.8,5,650,2000,,,3,10.69,38.24,,,10
1998,C,18-Aug-98,1998-08-18,230,9.1,22,95,850,,,96,10.71,37.8,,,30
1998,C,23-Sep-98,1998-09-23,266,9.5,121,220,900,,,222,12.46,47.97,,,30
1999,C,18-May-99,1999-05-18,138,8.2,10,,825,,,75,12.24,46.51,,,14
1999,C,03-Jun-99,1999-06-03,154,7.8,20,,710,,,0,11.22,40.62,,,0
1999,C,17-Jun-99,1999-06-17,168,8.2,20,,975,,,6,11.98,41.79,,,7
1999,C,05-Jul-99,1999-07-05,186,9.1,70,,1125,,,120,11.15,45.2,,,35
1999,C,15-Jul-99,1999-07-15,196,8.8,80,,1050,,,33,10.49,43.21,,,49
1999,C,26-Jul-99,1999-07-26,207,8.7,70,,710,,,3,11.81,51.27,,,14
1999,C,13-Aug-99,1999-08-13,225,7.8,30,,900,,,0,10.33,51.9,,,42
1999,C,22-Aug-99,1999-08-22,234,8.8,50,,825,,,2,10.23,39.08,,,21
2000,C,05-May-00,2000-05-05,126,7.9,5,,,,,0,11.74,49.04,,,38
2000,C,19-May-00,2000-05-19,140,8.27,12,,,,,0,9.57,60.21,,,43
2000,C,14-Jun-00,2000-06-14,166,8.4,82,,,,,0,9.61,61,,,40
2000,C,28-Jun-00,2000-06-28,180,8.2,36,,,,,32,9.49,61.45,,,46
2000,C,14-Jul-00,2000-07-14,196,8.3,30,,,,,2,8.99,55.72,,,41
2000,C,30-Jul-00,2000-07-30,212,8.39,96,,,,,30,10.17,54.67,,,39
2000,C,12-Aug-00,2000-08-12,225,,299,,,,,61,8.54,51.52,,,40
2000,C,25-Aug-00,2000-08-25,238,,182,,,,,20,8.43,53.57,,,39
2001,C,16-May-01,2001-05-16,136,9.11,,41.5,722.2,11,,0,13.68,65.43,,,134.2
2001,C,01-Jun-01,2001-06-01,152,8.65,,28.7,696.4,39,,0,11.04,67.52,,,17.8
2001,C,13-Jun-01,2001-06-13,164,8.49,,33.4,746.3,9,,0,12.43,69.98,,,105.6
2001,C,26-Jun-01,2001-06-26,177,8.57,,43.7,517.2,43,,0,10.25,69.31,,,18.4
2001,C,12-Jul-01,2001-07-12,193,8.81,,46.7,709.2,52,,59.8,10.22,69.45,,,18.9
2001,C,25-Jul-01,2001-07-25,206,8.92,,32.5,722.2,34,,0,11.49,66.22,,,35.9
2001,C,08-Aug-01,2001-08-08,220,9.36,,58.2,722.6,50,,0,10.93,59.99,,,28
2001,C,22-Aug-01,2001-08-22,234,9.35,,127.5,762.6,49,,9.8,11.39,60.78,,,7
2002,C,13-May-02,2002-05-13,133,8.75,,124,853.8,34,,15,9.71,,,,105
2002,C,27-May-02,2002-05-27,147,8.48,,58,864,5,,26,17.28,,,,16
2002,C,11-Jun-02,2002-06-11,162,8.36,,58,804.4,21,,7,12.43,,,,58
2002,C,21-Jun-02,2002-06-21,172,8.04,,48,839.8,8,,47,9.36,,,,11
2002,C,05-Jul-02,2002-07-05,186,9.3,,60,709.1,26,,18,10.26,,,,40
2002,C,23-Jul-02,2002-07-23,204,9.2,,54,1101.9,1,,19,20.49,,,,203
2002,C,12-Aug-02,2002-08-12,224,7.5,,128,476.2,47,,18,11.29,,,,125
2002,C,28-Aug-02,2002-08-28,240,8.89,,232,1151.9,44,,35,10.93,,,,233
2003,C,13-May-03,2003-05-13,133,8.68,,96,766.8,,,0,12.06,53.85,428.65,,0
2003,C,26-May-03,2003-05-26,146,8.64,,103,778,,,0,10.64,54.34,438.87,,0
2003,C,09-Jun-03,2003-06-09,160,8.96,,110,648.9,,,0,10.76,57.48,443.3,,0
2003,C,24-Jun-03,2003-06-24,175,8.78,,161,799.4,,,0,9.63,55.2,454.35,,0
2003,C,07-Jul-03,2003-07-07,188,8.7,,193,766.5,,,0,9.58,56.25,446.99,,0
2003,C,16-Jul-03,2003-07-16,197,9,,219,815.6,,,0,9.4,55.6,447.35,,0
2003,C,05-Aug-03,2003-08-05,217,9.23,,211,791.1,,,0,10.25,52.84,450.9,,0
2003,C,18-Aug-03,2003-08-18,230,9.48,,278,810.6,,,0,10.81,53.19,441.85,,0
2004,C,06-May-04,2004-05-06,127,8.63,158.7,170.7,746.58,,0,1.43,12.68,58.85,,,207.7
2004,C,19-May-04,2004-05-19,140,8.8,109.9,128.4,898.4,,94.75,7.61,13.79,58.57,,,48.14
2004,C,02-Jun-04,2004-06-02,154,8.7,79.5,95.7,892.19,,46.39,9.65,11.57,57.68,,,18
2004,C,15-Jun-04,2004-06-15,167,8.7,104.1,111.2,855.45,,0.71,,11.24,,,,158.08
2004,C,29-Jun-04,2004-06-29,181,8.7,95,220,838.64,,0.85,,11.08,,,,179.73
2004,C,13-Jul-04,2004-07-13,195,8.7,93.4,106.5,939.74,,23.68,23.03,11.05,,,,39.76
2004,C,26-Jul-04,2004-07-26,208,8.9,71.8,101.2,952.28,,18.74,74.26,10.94,,,,27.2
2004,C,10-Aug-04,2004-08-10,223,8.9,128,148.2,895.41,,38.53,40.06,11.68,,,,53.91
2005,C,11-May-05,2005-05-11,131,8.9,92.7,108.3,850.8,,,57.8,12.01,45.87,,,94.2
2005,C,24-May-05,2005-05-24,144,9.3,62,16.3,951,,,22.9,11.32,45.16,,,40.9
2005,C,06-Jun-05,2005-06-06,157,9.1,53.7,71.2,815.57,,,82.7,11.9,48.6,,,7.43
2005,C,20-Jun-05,2005-06-20,171,9.1,61.5,78.7,840.57,,,48.3,11.45,48.88,,,9.43
2005,C,04-Jul-05,2005-07-04,185,9,135.1,150.5,1174,,,118,12.91,48.64,,,26
2005,C,18-Jul-05,2005-07-18,199,9.3,150.2,168.4,1080.68,,,55.2,12.72,49.39,,,9.32
2005,C,04-Aug-05,2005-08-04,216,7.5,196,222.1,856.05,,,24.1,12.32,47.78,,,6.95
2005,C,15-Aug-05,2005-08-15,227,9.5,292.7,321.2,833.9,,,48,11.65,48.17,,,16.1
2006,C,10-May-06,2006-05-10,130,9.3,69.91,93.36,936.5,74809,,58.9,14.85,44.8,,,63.5
2006,C,25-May-06,2006-05-25,145,9.3,15,36,792,,,12,13.86,45.08,,,638
2006,C,06-Jun-06,2006-06-06,157,9.2,59.78,83.75,810.64,74824,,38.5,14.45,45.04,,,4.36
2006,C,20-Jun-06,2006-06-20,171,9.3,87.26,111.06,833.2,74832,,54.7,14.44,45.42,,,25.8
2006,C,06-Jul-06,2006-07-06,187,9.3,98.67,125.33,921.1,74842,,55.2,13.94,44.97,,,13.9
2006,C,18-Jul-06,2006-07-18,199,9.7,173.9,194.83,871.1,74849,,49,13.73,43.96,,,30.9
2006,C,01-Aug-06,2006-08-01,213,9.7,156,184,791,,,18,13.48,42.69,,,140
2006,C,15-Aug-06,2006-08-15,227,9.9,265.18,286.99,866.8,74865,,50.3,13.02,44.12,,,13.2
2006,C,29-Aug-06,2006-08-29,241,9.9,342.47,362.31,1082.8,74873,,202,14.15,44.37,,,17.2
2007,C,20-Jan-07,2007-01-20,20,8.8,,,,,,,18.42,44.58,,,
2007,C,20-Feb-07,2007-02-20,51,8.2,,,,,,,,,,,
2007,C,09-May-07,2007-05-09,129,8.8,41,67,839,,,0.2,14.31,44.02,398.85,0.05,160
2007,C,24-May-07,2007-05-24,144,8.6,43,58,837,,,0.2,12.33,45.1,403.86,0.83,189
2007,C,07-Jun-07,2007-06-07,158,8.6,57,69,788,,,0.2,12.22,45.46,400.47,0.74,269
2007,C,20-Jun-07,2007-06-20,171,8.6,64,92,801,,,0.2,12.37,45.12,409.4,1.14,178
2007,C,04-Jul-07,2007-07-04,185,8.8,88,112,743,,,0.2,12.69,45.3,415.71,1.52,114
2007,C,18-Jul-07,2007-07-18,199,9.1,79,102,759,,,0.2,12.32,43.66,417.59,1.85,121
2007,C,01-Aug-07,2007-08-01,213,9,91,113,821,,,0.2,11.98,41.96,423.45,1.95,169
2007,C,15-Aug-07,2007-08-15,227,8.8,229,247,1010,,,0.2,12.94,44.19,426.78,3.21,353
2007,C,26-Aug-07,2007-08-26,238,9,271,296,1100,,,0.2,11.32,44.85,426.64,3.73,540
2008,C,14-May-08,2008-05-14,135,8.7,29,42.4,928,,,6,16.01,54.84,,0,177
2008,C,28-May-08,2008-05-28,149,8.9,26,40.4,863,,,4,18.2,55.81,,0,137
2008,C,11-Jun-08,2008-06-11,163,8.6,36,51.6,909,,,4,17.97,55.95,,0,161
2008,C,25-Jun-08,2008-06-25,177,8.8,21,34.6,775,,,0.2,17.35,55.31,,0,100
2008,C,09-Jul-08,2008-07-09,191,8.6,33,54.1,856,,,5,14.3,54.89,,0,113
2008,C,23-Jul-08,2008-07-23,205,8.7,95,119,948,,,7,19.04,55.66,,0,169
2008,C,07-Aug-08,2008-08-07,220,8.3,49,73,1020,,,6,17.22,53.35,,0,111
2008,C,20-Aug-08,2008-08-20,233,8,71,95,806,,,60,17.92,52.34,,0,0.1
2008,C,04-Sep-08,2008-09-04,248,8,206,237,1140,,,0.2,17.91,52.64,,0,158
2009,C,14-May-09,2009-05-14,134,8.7,40,89,833,,,3,15.81,61.59,,0,49
2009,C,27-May-09,2009-05-27,147,8.9,41,80,867,,,0.2,16.97,62.5,,0,8
2009,C,11-Jun-09,2009-06-11,162,9,62,108,1020,,,3,15.1,62.23,,0,211
2009,C,24-Jun-09,2009-06-24,175,8.8,57,93,966,,,6,15.77,61.94,,0,76
2009,C,08-Jul-09,2009-07-08,189,8.6,56,101,825,,,39,17.07,62.16,,0,5
2009,C,22-Jul-09,2009-07-22,203,12.2,84,146,861,,,0.2,18.96,60.5,,0,11
2009,C,06-Aug-09,2009-08-06,218,9.8,148,252,870,,,7,19.89,60.1,,0,25
2009,C,19-Aug-09,2009-08-19,231,9.4,158,230,1060,,,0.2,20.63,55.66,,0,0.1
2009,C,02-Sep-09,2009-09-02,245,8.7,226,308,1070,,,0.2,11.85,62.28,,0,2
2010,C,12-May-10,2010-05-12,132,8.6,89,105,982,,,6,32.85,46.59,,0,190
2010,C,27-May-10,2010-05-27,147,8.9,77,96,907,,,0.2,33.8,47.13,,0,85
2010,C,09-Jun-10,2010-06-09,160,8.9,30,84,935,,,3,34.8,47.48,,0,105
2010,C,23-Jun-10,2010-06-23,174,9.3,48,103,1060,,,3,41.35,47.06,,0,117
2010,C,07-Jul-10,2010-07-07,188,8.6,104,162,1150,,,0.2,29.79,46.12,,0,168
2010,C,21-Jul-10,2010-07-21,202,9.7,156,211,1080,,,0.2,32.54,47.32,,0,110
2010,C,05-Aug-10,2010-08-05,217,10,144,200,1050,,,25,29.92,45.93,,0,34
2010,C,18-Aug-10,2010-08-18,230,10.5,162,202,1120,,,44,34.63,45.3,,0,36
2010,C,01-Sep-10,2010-09-01,244,8.1,184,262,1280,,,19,27.5,44.96,,0,237
2011,C,11-May-11,2011-05-11,131,8.5,85,104,1180,,,0.2,6.68,56.59,,0,387
2011,C,26-May-11,2011-05-26,146,9.1,55,80,918,,,0.2,10.51,53.79,,0,206
2011,C,08-Jun-11,2011-06-08,159,7.9,96,102,955,,,0.2,9.88,58.86,,0,181
2011,C,22-Jun-11,2011-06-22,173,8.6,119,153,1170,,,0.2,11.52,59.36,,0,292
2011,C,06-Jul-11,2011-07-06,187,8.4,205,216,1530,,,0.2,11.2,57.56,,0,1010
2011,C,20-Jul-11,2011-07-20,201,9.6,210,197,1250,,,0.2,13.59,59.66,,0,270
2011,C,04-Aug-11,2011-08-04,216,10.3,170,203,1050,,,2,10.52,59.14,,0,85
2011,C,17-Aug-11,2011-08-17,229,8.4,211,240,1160,,,0.2,11.78,55.13,,0,373
2011,C,31-Aug-11,2011-08-31,243,8.6,270,292,1220,,,0.2,10.89,57.04,,0,332
2012,C,09-May-12,2012-05-09,130,8.9,169,174,1390,,,0.2,6.14,64.25,,0,545
2012,C,24-May-12,2012-05-24,145,8.7,117,126,1100,,,0.2,-3.1,60.33,,0,225
2012,C,06-Jun-12,2012-06-06,158,8.4,132,144,1380,,,0.2,6.81,65.45,,0,483
2012,C,20-Jun-12,2012-06-20,172,8.39,165,176,1460,,,0.2,4.16,70.39,,0,527
2012,C,05-Jul-12,2012-07-05,187,8.25,151,161,1210,,,0.2,5.5,68.29,,0,281
2012,C,18-Jul-12,2012-07-18,200,8.13,203,230,1440,,,0.2,7.03,70.29,,0,480
2012,C,01-Aug-12,2012-08-01,214,9.04,224,237,1150,,,0.2,6.41,69.86,,0,140
2012,C,15-Aug-12,2012-08-15,228,7.63,331,340,1300,,,0.2,9.39,65.45,,0,229
2012,C,29-Aug-12,2012-08-29,242,7.93,399,414,1540,,,136,14.16,56.21,,0,197
2013,C,23-May-13,2013-05-23,143,8.46,191,196,2090,,,0.3,,,,0,867
2013,C,05-Jun-13,2013-06-05,156,9.07,118,130,1400,,,0.3,,,,0,305
2013,C,19-Jun-13,2013-06-19,170,9.08,117,131,1320,,,0.3,,,,0,212
2013,C,04-Jul-13,2013-07-04,185,9.13,128,139,1340,,,0.3,,,,0,136
2013,C,17-Jul-13,2013-07-17,198,10.45,143,153,1200,,,0.3,,,,0,139
2013,C,31-Jul-13,2013-07-31,212,8.9,179,191,1150,,,32,,,,0,51
2013,C,14-Aug-13,2013-08-14,226,9,187,201,1130,,,21,,,,0,26
2013,C,28-Aug-13,2013-08-28,240,9.3,184,196,1280,,,60,,,,0,72
2014,C,14-May-14,2014-05-14,134,8.8,92,106,1060,,,0.3,,,,0,175
2014,C,28-May-14,2014-05-28,148,9.1,139,154,1170,,,0.3,,,,0,289
2014,C,11-Jun-14,2014-06-11,162,8.6,142,161,1100,,,0.3,,,,0,205
2014,C,25-Jun-14,2014-06-25,176,9,169,183,1420,,,0.3,,,,0,621
2014,C,23-Jul-14,2014-07-23,204,8.1,255,263,1450,,,0.3,,,,0,347
2014,C,07-Aug-14,2014-08-07,219,8.6,221,232,1270,,,27,,,,0,146
2014,C,20-Aug-14,2014-08-20,232,8.4,234,245,1280,,,80,,,,0,134
1994,D,10-Jul-94,1994-07-10,191,6.8,53,,107,,,,0.9,,,,
1994,D,19-Jul-94,1994-07-19,200,8.2,42,,293,,,,1.7,,,,
1994,D,07-Aug-94,1994-08-07,219,8.1,197,,261,,,,10.11,,,,
1994,D,26-Aug-94,1994-08-26,238,8,79,,162,,,,12.3,,,,
1995,D,10-May-95,1995-05-10,130,8.11,10,,,,,40,3.9,,,,40
1995,D,23-May-95,1995-05-23,143,7.77,70,,,,,140,4.4,,,,350
1995,D,02-Jun-95,1995-06-02,153,8.18,20,,,,,0,2.8,,,,510
1995,D,14-Jun-95,1995-06-14,165,8.33,0.1,,,,,0,3.9,,,,0
1995,D,06-Jul-95,1995-07-06,187,8.04,100,,,,,210,6.4,,,,120
1995,D,19-Jul-95,1995-07-19,200,8.28,20,,,,,0,5.2,,,,430
1995,D,04-Aug-95,1995-08-04,216,8.13,0.1,,,,,70,4.2,,,,160
1995,D,25-Aug-95,1995-08-25,237,8.69,160,,,,,160,11,,,,640
1996,D,13-May-96,1996-05-13,134,7.9,16,,,,,138,5.77,,,,368
1996,D,27-May-96,1996-05-27,148,8.3,6,,,,,24,5.78,,,,99
1996,D,24-Jun-96,1996-06-24,176,,10,,,,,48,2.05,,,,411
1996,D,02-Jul-96,1996-07-02,184,8.9,3,,,,,12,8.68,,,,99
1996,D,17-Jul-96,1996-07-17,199,8.38,6,,,,,78,26.27,,,,249
1996,D,29-Jul-96,1996-07-29,211,8.75,10,,,,,120,8.79,,,,152
1996,D,15-Aug-96,1996-08-15,228,8.6,3,,,,,18,5.33,,,,206
1996,D,28-Aug-96,1996-08-28,241,7.26,3,,,,,6,2.04,,,,108
1997,D,14-May-97,1997-05-14,134,7.71,17,,,,,20,3.59,,,,38
1997,D,30-May-97,1997-05-30,150,8.78,10,,,,,8,2.94,,,,113
1997,D,13-Jun-97,1997-06-13,164,8.81,104,,,,,8,1.03,,,,63
1997,D,30-Jun-97,1997-06-30,181,8.02,7,,,,,32,5.85,,,,338
1997,D,15-Jul-97,1997-07-15,196,7.93,7,,,,,44,3.91,,,,338
1997,D,29-Jul-97,1997-07-29,210,8.3,7,,,,,8,5.76,,,,325
1997,D,12-Aug-97,1997-08-12,224,8.08,7,,,,,8,3.74,,,,212
1997,D,02-Sep-97,1997-09-02,245,,7,,,,,8,3.68,,,,272
1998,D,11-May-98,1998-05-11,131,9,11,15,550,,,54,9.47,40.43,,,80
1998,D,25-May-98,1998-05-25,145,9.1,2.5,20,600,,,24,5.92,23.93,,,170
1998,D,08-Jun-98,1998-06-08,159,9.4,2.5,25,500,,,6,5.37,30.04,,,150
1998,D,22-Jun-98,1998-06-22,173,9.2,2.5,25,300,,,2,2.81,16.26,,,120
1998,D,08-Jul-98,1998-07-08,189,8.9,2.5,10,600,,,9,4.24,30.9,,,120
1998,D,24-Jul-98,1998-07-24,205,9.3,2.5,295,350,,,3,29.39,20.5,,,80
1998,D,14-Aug-98,1998-08-14,226,9.1,2.5,90,300,,,24,29.39,27.15,,,90
1998,D,09-Sep-98,1998-09-09,252,9.1,2.5,20,250,,,3,4.91,27.48,,,100
1999,D,16-May-99,1999-05-16,136,8,0.1,,375,,,2,4.31,28.41,,,91
1999,D,01-Jun-99,1999-06-01,152,8.31,0.1,,375,,,2,4.24,28.77,,,70
1999,D,10-Jun-99,1999-06-10,161,8.3,0.1,,300,,,0,3.79,30.44,,,49
1999,D,06-Jul-99,1999-07-06,187,7.3,0.1,,300,,,2,3.77,25.88,,,56
1999,D,18-Jul-99,1999-07-18,199,9.3,0.1,,375,,,8,4.02,27.89,,,70
1999,D,01-Aug-99,1999-08-01,213,8.1,0.1,,300,,,24,4.05,27.5,,,56
1999,D,18-Aug-99,1999-08-18,230,7.5,0.1,,900,,,0,4.77,29.07,,,49
1999,D,27-Aug-99,1999-08-27,239,7.9,0.1,,300,,,68,5.35,26.22,,,70
2000,D,12-May-00,2000-05-12,133,7.7,,,,,,0,4.65,39.64,,,7
2000,D,31-May-00,2000-05-31,152,8.29,,,,,,28,3.89,39.16,,,0
2000,D,18-Jun-00,2000-06-18,170,8.05,,,,,,0,2.02,37.71,,,0
2000,D,01-Jul-00,2000-07-01,183,8.12,3,,,,,1,3,38.14,,,0
2000,D,16-Jul-00,2000-07-16,198,7.99,,,,,,0,2.11,35.45,,,0
2000,D,06-Aug-00,2000-08-06,219,,0.1,,,,,0,4.75,35.51,,,0
2000,D,17-Aug-00,2000-08-17,230,,18,,,,,0,5.63,35.69,,,0
2001,D,10-May-01,2001-05-10,130,8.76,,4.4,321.2,46,,0,4.38,44.3,,,34.8
2001,D,23-May-01,2001-05-23,143,8.82,,6.5,241.6,37,,11.2,3.49,45.18,,,11.4
2001,D,08-Jun-01,2001-06-08,159,8.65,,6.8,311.1,40,,0,3.47,46.82,,,39.7
2001,D,20-Jun-01,2001-06-20,171,8.69,,11.3,245.9,33,,0,3.95,49.51,,,147.2
2001,D,09-Jul-01,2001-07-09,190,8.6,,6.1,279.8,56,,34.9,4.1,46.85,,,47
2001,D,18-Jul-01,2001-07-18,199,8.88,,4.9,280.8,14,,11.5,3.56,45.94,,,57.6
2001,D,02-Aug-01,2001-08-02,214,8.3,,9.9,279.3,48,,19.1,3.14,44.3,,,69.1
2001,D,15-Aug-01,2001-08-15,227,8.62,,5.1,269.9,51,,26.3,3.2,44.74,,,93
2001,D,30-Aug-01,2001-08-30,242,8.18,,24.8,530.8,53,,0,4.35,43.71,,,1.7
2002,D,14-May-02,2002-05-14,134,8.2,,27,296,36,,1,15.41,,,,38
2002,D,04-Jun-02,2002-06-04,155,8.2,,5,401.3,4,,57,4.36,,,,25
2002,D,14-Jun-02,2002-06-14,165,8.12,,60,654.1,22,,6,3.04,,,,17
2002,D,26-Jun-02,2002-06-26,177,8.47,,14,289.3,17,,16,6.17,,,,9
2002,D,08-Jul-02,2002-07-08,189,8.6,,62,448.5,28,,15,6.51,,,,118
2002,D,07-Aug-02,2002-08-07,219,6.7,,52,351,25,,16,5.49,,,,139
2002,D,20-Aug-02,2002-08-20,232,8.69,,21,334.3,42,,24,3.55,,,,138
2002,D,03-Sep-02,2002-09-03,246,8.31,,11,329.2,41,,20,4.04,,,,132
2003,D,14-May-03,2003-05-14,134,8.54,,13,242.1,,,25,3.58,29.52,68.37,,78
2003,D,28-May-03,2003-05-28,148,8.79,,4,232.8,,,0,20.64,34.15,66.84,,69
2003,D,12-Jun-03,2003-06-12,163,8.71,,7,286.6,,,0,2.56,33.64,67.34,,112
2003,D,25-Jun-03,2003-06-25,176,8.7,,8,297.5,,,0,4.53,33.26,73.52,,131
2003,D,09-Jul-03,2003-07-09,190,8.65,,16,238.9,,,0,3.37,33.03,71.42,,115
2003,D,18-Jul-03,2003-07-18,199,8.9,,7,232.3,,,0,3.4,32.43,66.93,,131
2003,D,06-Aug-03,2003-08-06,218,8.97,,7,253.2,,,0,4.84,33.94,70.22,,129
2003,D,29-Aug-03,2003-08-29,241,9.02,,18,240.2,,,15,4.18,,67.35,,74
2004,D,14-May-04,2004-05-14,135,9.3,2.2,5.8,210.88,,0.16,5.39,6.12,33.93,,,251.99
2004,D,27-May-04,2004-05-27,148,8.9,2.4,5.7,213.3,,0.15,0,6.19,33.38,,,266.89
2004,D,08-Jun-04,2004-06-08,160,8.7,0.8,5.5,284.02,,0.33,0,6.05,34.54,,,227.62
2004,D,22-Jun-04,2004-06-22,174,8.8,1.6,6.3,232.78,,2.78,9.35,4.02,,,,141.49
2004,D,06-Jul-04,2004-07-06,188,8.9,1.9,4.8,234.41,,0.65,,3.91,,,,149.81
2004,D,23-Jul-04,2004-07-23,205,8.5,1.7,6.8,347.79,,4.66,21,4.39,,,,124.42
2004,D,03-Aug-04,2004-08-03,216,8.9,5,11.8,283.58,,4.09,31.3,4.2,,,,101.52
2004,D,18-Aug-04,2004-08-18,231,8.6,2.4,6.3,235.6,,0.31,7.05,3.74,,,,68.6
2005,D,04-May-05,2005-05-04,124,9.1,7.5,82.3,344,,,33.6,4.3,32.45,,,100
2005,D,18-May-05,2005-05-18,138,9.5,6.5,10.2,285.7,,,28.3,4.82,29.78,,,96.3
2005,D,01-Jun-05,2005-06-01,152,9.2,2.4,4.1,217.4,,,16.6,4.71,29.95,,,67.6
2005,D,15-Jun-05,2005-06-15,166,9.1,2.6,4.8,355,,,20.2,4.31,30.63,,,60.9
2005,D,29-Jun-05,2005-06-29,180,9.1,1.8,4.9,303.6,,,30.5,4.32,29.81,,,81.4
2005,D,13-Jul-05,2005-07-13,194,9.3,5.2,14.6,338,,,48.9,4.98,28.74,,,239
2005,D,27-Jul-05,2005-07-27,208,9.6,3.5,9.2,263,,,15,4.85,30.09,,,194
2005,D,10-Aug-05,2005-08-10,222,9.1,3.1,5.8,283,,,41.7,4.02,32.41,,,205
2006,D,03-May-06,2006-05-03,123,9.8,2.22,7.91,228,74805,,21.4,8.34,31.57,,,205
2006,D,19-May-06,2006-05-19,139,9.2,6.58,12.57,234,74814,,23.6,8.17,27.58,,,137
2006,D,02-Jun-06,2006-06-02,153,9.3,3.84,9.22,318,74822,,42.4,8.26,29.77,,,111
2006,D,16-Jun-06,2006-06-16,167,8.8,71,95,823,,,11,8.06,31.48,,,827
2006,D,30-Jun-06,2006-06-30,181,9.5,1.06,7.48,280,74839,,34.9,8.21,31.84,,,232
2006,D,14-Jul-06,2006-07-14,195,9.3,2.45,5.93,280,74847,,29.2,7.6,30.98,,,156
2006,D,28-Jul-06,2006-07-28,209,9.6,,5.05,271,74856,,25.8,7.49,30.13,,,157
2006,D,14-Aug-06,2006-08-14,226,9.5,,5.22,246,74864,,21.4,7.64,30.79,,,195
2006,D,25-Aug-06,2006-08-25,237,9.9,3.11,9.91,264,74871,,13.5,7.71,30.4,,,174
2007,D,07-May-07,2007-05-07,127,8.7,4,7,451,,,0.2,7.37,30.95,72.98,0.82,298
2007,D,16-May-07,2007-05-16,136,8.6,4,6,385,,,0.2,7.16,30.95,74.63,0.74,237
2007,D,30-May-07,2007-05-30,150,8.7,5,7,394,,,0.2,7.85,31.4,80.32,0.81,249
2007,D,13-Jun-07,2007-06-13,164,8.7,3,4,417,,,0.2,7.28,31.76,75.4,0.81,263
2007,D,27-Jun-07,2007-06-27,178,8.8,7,9,534,,,0.2,7.9,30.83,76.8,0.85,373
2007,D,11-Jul-07,2007-07-11,192,8.7,1,4,472,,,0.2,7.26,31.39,74.37,0.79,275
2007,D,25-Jul-07,2007-07-25,206,8.6,4,6,479,,,0.2,7.47,31.06,74.56,1.14,335
2007,D,08-Aug-07,2007-08-08,220,8.7,3,6,482,,,0.2,7.6,30.19,73.01,1.21,308
2007,D,27-Aug-07,2007-08-27,239,8.8,15,18,573,,,0.2,7.53,30.76,77.14,1.56,431
2008,D,06-May-08,2008-05-06,127,8.7,10,12.6,596,,,3,8.34,37.09,,0,341
2008,D,21-May-08,2008-05-21,142,8.7,10,14.1,582,,,0.2,6.27,35.85,,0,293
2008,D,04-Jun-08,2008-06-04,156,8.7,4,8.38,624,,,0.2,6.95,37.25,,0,302
2008,D,18-Jun-08,2008-06-18,170,8.6,2,5.83,574,,,0.2,7.69,37.4,,0,276
2008,D,02-Jul-08,2008-07-02,184,8.8,2,5.53,665,,,0.2,,,,0,308
2008,D,16-Jul-08,2008-07-16,198,8.6,4,5.61,572,,,16,4.86,34.97,,0,324
2008,D,30-Jul-08,2008-07-30,212,8.7,2,4.36,521,,,0.2,5.72,34.97,,0,311
2008,D,13-Aug-08,2008-08-13,226,8.9,1,5.21,633,,,28,5.66,34.98,,0,235
2008,D,27-Aug-08,2008-08-27,240,8.8,2,5.42,586,,,0.2,5.92,34.07,,0,268
2009,D,06-May-09,2009-05-06,126,8.8,7,11,492,,,0.2,9.78,39.89,,0,244
2009,D,25-May-09,2009-05-25,145,8.7,9,15,460,,,0.2,9.43,39.16,,0,195
2009,D,03-Jun-09,2009-06-03,154,8.6,6,8,422,,,0.2,10.62,39.65,,0,195
2009,D,17-Jun-09,2009-06-17,168,9.1,6,7,464,,,0.2,6.44,41.52,,0,256
2009,D,30-Jun-09,2009-06-30,181,8.9,3,2,383,,,0.2,5.77,40.94,,0,143
2009,D,15-Jul-09,2009-07-15,196,9.8,4,6,399,,,0.2,8.06,39.86,,0,203
2009,D,29-Jul-09,2009-07-29,210,8.9,6,9,424,,,0.2,8.55,39.73,,0,182
2009,D,12-Aug-09,2009-08-12,224,9.8,4,3,378,,,0.2,8.11,39.24,,0,189
2009,D,26-Aug-09,2009-08-26,238,9,0.1,10,408,,,0.2,9.36,37.12,,0,103
2010,D,05-May-10,2010-05-05,125,8.7,3,9,342,,,7,16.03,28.58,,0,153
2010,D,19-May-10,2010-05-19,139,8.6,4,10,616,,,0.2,14.98,28.93,,0,391
2010,D,02-Jun-10,2010-06-02,153,8.6,1,4,347,,,0.2,17.16,29.27,,0,146
2010,D,16-Jun-10,2010-06-16,167,9.4,4,10,390,,,0.2,17.62,31.75,,0,159
2010,D,30-Jun-10,2010-06-30,181,9.1,2,6,402,,,0.2,13.43,28.06,,0,200
2010,D,19-Jul-10,2010-07-19,200,9.7,20,36,771,,,5,13.69,27.6,,0,218
2010,D,28-Jul-10,2010-07-28,209,9.5,17,26,568,,,2,11.99,27.96,,0,301
2010,D,11-Aug-10,2010-08-11,223,9.7,3,11,535,,,0.2,11.79,26.66,,0,233
2010,D,24-Aug-10,2010-08-24,236,8.3,10,18,579,,,25,17.69,26.74,,0,311
2011,D,18-May-11,2011-05-18,138,8.8,8,15,534,,,0.2,8.11,34.37,,0,515
2011,D,01-Jun-11,2011-06-01,152,9.2,13,17,1440,,,0.2,5,36.5,,0,358
2011,D,15-Jun-11,2011-06-15,166,8.8,5,10,634,,,0.2,4.44,37.97,,0,309
2011,D,29-Jun-11,2011-06-29,180,9,14,22,1110,,,0.2,3.22,37.07,,0,251
2011,D,18-Jul-11,2011-07-18,199,9.5,6,13,716,,,0.2,3.81,34.79,,0,465
2011,D,27-Jul-11,2011-07-27,208,8.9,7,15,675,,,0.2,2.43,35.26,,0,394
2011,D,10-Aug-11,2011-08-10,222,10.2,6,13,696,,,0.2,1.79,35.57,,0,405
2011,D,24-Aug-11,2011-08-24,236,8.6,7,13,596,,,0.2,3.44,35.15,,0,340
2012,D,02-May-12,2012-05-02,123,8.7,11,12,585,,,0.2,5.27,42.19,,0,336
2012,D,16-May-12,2012-05-16,137,8.8,7,9,668,,,0.2,2.63,43.16,,0,397
2012,D,30-May-12,2012-05-30,151,8.6,7,7,588,,,0.2,2.55,42.16,,0,327
2012,D,13-Jun-12,2012-06-13,165,8.6,6,7,525,,,0.2,-1.24,42.85,,0,265
2012,D,11-Jul-12,2012-07-11,193,8.37,7,10,536,,,0.2,0.85,43.06,,0,311
2012,D,30-Jul-12,2012-07-30,212,7.73,5,10,508,,,0.2,10.7,40.08,,0,279
2012,D,08-Aug-12,2012-08-08,221,8.22,9,14,485,,,0.2,0.84,40.06,,0,253
2012,D,22-Aug-12,2012-08-22,235,8.24,8,12,452,,,13,-68.86,105.8,,0,182
2013,D,15-May-13,2013-05-15,135,10.43,8,7,420,,,0.3,,,,0,169
2013,D,29-May-13,2013-05-29,149,8.83,6,4,420,,,0.3,,,,0,213
2013,D,12-Jun-13,2013-06-12,163,8.6,4,4,445,,,0.3,,,,0,210
2013,D,26-Jun-13,2013-06-26,177,9.3,9,8,498,,,0.3,,,,0,245
2013,D,10-Jul-13,2013-07-10,191,9.2,9,8,591,,,0.3,,,,0,313
2013,D,24-Jul-13,2013-07-24,205,8.7,8,8,657,,,0.3,,,,0,351
2013,D,07-Aug-13,2013-08-07,219,8.8,4,6,613,,,6,,,,0,324
2013,D,21-Aug-13,2013-08-21,233,8.7,3,0.4,601,,,16,,,,0,315
2014,D,21-May-14,2014-05-21,141,8.9,13,11,444,,,0.3,,,,0,238
2014,D,04-Jun-14,2014-06-04,155,8.9,11,11,506,,,0.3,,,,0,268
2014,D,18-Jun-14,2014-06-18,169,9.7,6,8,533,,,0.3,,,,0,252
2014,D,02-Jul-14,2014-07-02,183,9.4,18,21,601,,,0.3,,,,0,279
2014,D,16-Jul-14,2014-07-16,197,8.7,11,14,589,,,0.3,,,,0,312
2014,D,30-Jul-14,2014-07-30,211,8.8,22,26,617,,,0.3,,,,0,302
2014,D,13-Aug-14,2014-08-13,225,8.9,21,23,667,,,43,,,,0,278
1994,E,19-Aug-94,1994-08-19,231,,,,,,,,,,,,
2005,E,14-Jul-05,2005-07-14,195,9.1,114.7,134.7,1025,,,302,10.81,41.15,,,365
1994,K,24-Jun-94,1994-06-24,175,7.7,210,,722,,,,6.1,,,,
1994,K,12-Jul-94,1994-07-12,193,8.5,291,,891,,,,3.9,,,,
1994,K,26-Jul-94,1994-07-26,207,8.8,332,,1017,,,,15.1,,,,
1994,K,17-Aug-94,1994-08-17,229,8.9,311,,418.1,,,,8.7,,,,
1995,K,08-May-95,1995-05-08,128,7.85,80,,,,,900,13,,,,0
1995,K,17-May-95,1995-05-17,137,8.07,,,,,,,,,,,
1995,K,31-May-95,1995-05-31,151,8.05,60,,,,,60,13,,,,0
1995,K,13-Jun-95,1995-06-13,164,8.49,20,,,,,10,12,,,,0
1995,K,30-Jun-95,1995-06-30,181,8.48,50,,,,,900,12,,,,0
1995,K,15-Jul-95,1995-07-15,196,8.69,0.1,,,,,90,3.7,,,,60
1995,K,24-Jul-95,1995-07-24,205,8.77,170,,,,,80,14,,,,1000
1995,K,11-Aug-95,1995-08-11,223,8.51,40,,,,,260,9.3,,,,0
1995,K,28-Aug-95,1995-08-28,240,8.53,80,,,,,510,9.9,,,,0
1996,K,17-May-96,1996-05-17,138,7.9,10,,,,,48,6.68,,,,65
1996,K,31-May-96,1996-05-31,152,8,13,,,,,48,7.14,,,,22
1996,K,12-Jun-96,1996-06-12,164,8.1,22,,,,,144,10.6,,,,76
1996,K,28-Jun-96,1996-06-28,180,8.68,13,,,,,78,19.51,,,,4
1996,K,12-Jul-96,1996-07-12,194,8.86,6,,,,,30,13.99,,,,4
1996,K,26-Jul-96,1996-07-26,208,8.71,3,,,,,30,10.39,,,,11
1996,K,11-Aug-96,1996-08-11,224,8.3,3,,,,,108,18.45,,,,11
1996,K,23-Aug-96,1996-08-23,236,8.45,3,,,,,24,14.43,,,,11
1997,K,06-May-97,1997-05-06,126,8.3,240,,,,,484,6.14,,,,1375
1997,K,22-May-97,1997-05-22,142,8.3,25,,,,,115,6.13,,,,138
1997,K,02-Jun-97,1997-06-02,153,9.14,216,,,,,330,4.03,,,,650
1997,K,18-Jun-97,1997-06-18,169,9.02,26,,,,,91,5.84,,,,38
1997,K,06-Jul-97,1997-07-06,187,8.48,57,,,,,163,4.72,,,,38
1997,K,21-Jul-97,1997-07-21,202,8.34,10,,,,,32,8.53,,,,25
1997,K,07-Aug-97,1997-08-07,219,8.53,7,,,,,8,8.87,,,,12
1997,K,18-Aug-97,1997-08-18,230,9.06,7,,,,,28,8.37,,,,12
1997,K,29-Aug-97,1997-08-29,241,,,,,,,,,,,,
1998,K,08-May-98,1998-05-08,128,7.45,33,75,900,,,156,13.42,44.7,,,470
1998,K,21-May-98,1998-05-21,141,9.5,55,110,1200,,,126,13.62,51.01,,,560
1998,K,04-Jun-98,1998-06-04,155,9.6,16,75,850,,,18,13.09,48.05,,,30
1998,K,17-Jun-98,1998-06-17,168,9.8,462,690,800,,,90,8.47,26.53,,,40
1998,K,02-Jul-98,1998-07-02,183,9.9,22,70,950,,,198,13.57,47.87,,,40
1998,K,22-Jul-98,1998-07-22,203,9.9,11,85,650,,,42,13.01,45.23,,,20
1998,K,04-Aug-98,1998-08-04,216,9.8,28,70,2390,,,78,14.15,43.79,,,10
1998,K,02-Sep-98,1998-09-02,245,9.9,5,65,700,,,3,13.21,37.91,,,5
1999,K,11-May-99,1999-05-11,131,9,70,,975,,,198,12.01,44.29,,,196
1999,K,24-May-99,1999-05-24,144,8.4,30,,860,,,2,12,43.21,,,112
1999,K,09-Jun-99,1999-06-09,160,8,30,,710,,,2,11.38,43.22,,,0
1999,K,22-Jun-99,1999-06-22,173,9.1,70,,900,,,231,10.31,36.41,,,49
1999,K,12-Jul-99,1999-07-12,193,9.1,60,,1010,,,117,11.77,45.45,,,56
1999,K,25-Jul-99,1999-07-25,206,8.8,20,,450,,,96,12.3,48.23,,,42
1999,K,12-Aug-99,1999-08-12,224,7.9,60,,825,,,45,12.51,30.45,,,35
1999,K,23-Aug-99,1999-08-23,235,9.3,10,,750,,,0,13.24,38.47,,,14
2000,K,15-May-00,2000-05-15,136,8.1,165,,,,,0,10.66,53.42,,,38
2000,K,29-May-00,2000-05-29,150,7.96,236,,,,,0,11.35,54.96,,,38
2000,K,14-Jun-00,2000-06-14,166,8.6,184,,,,,0,9.59,53.64,,,34
2000,K,28-Jun-00,2000-06-28,180,8.22,327,,,,,0,12.43,52.11,,,34
2000,K,10-Jul-00,2000-07-10,192,8.21,291,,,,,29,9.79,54.74,,,36
2000,K,26-Jul-00,2000-07-26,208,8.59,219,,,,,4,10.66,50.67,,,37
2000,K,11-Aug-00,2000-08-11,224,,236,,,,,34,9.75,51.74,,,35
2000,K,29-Aug-00,2000-08-29,242,,263,,,,,8,8.28,52.23,,,36
2001,K,08-May-01,2001-05-08,128,8.54,,189.4,957.1,19,,7.4,14.82,68.22,,,26.4
2001,K,22-May-01,2001-05-22,142,9.09,,134.7,837,24,,25.2,11.74,69.15,,,1.7
2001,K,07-Jun-01,2001-06-07,158,8.85,,168.1,816.8,20,,2.9,13.2,69.2,,,1.7
2001,K,18-Jun-01,2001-06-18,169,8.78,,229.4,884.3,7,,0,12.69,69.6,,,1.7
2001,K,28-Jun-01,2001-06-28,179,8.8,,148.7,1091.8,12,,0,13.93,68.62,,,1.7
2001,K,17-Jul-01,2001-07-17,198,9.01,,,,6,,,13.13,68.36,,,
2001,K,31-Jul-01,2001-07-31,212,8.85,,204.1,882.4,17,,0,13.72,65.86,,,1.7
2001,K,13-Aug-01,2001-08-13,225,9.78,,234.2,801.4,4,,14.5,15.24,64.82,,,1.7
2001,K,26-Aug-01,2001-08-26,238,9.64,,,,15,,,13.17,65.38,,,
2002,K,09-May-02,2002-05-09,129,9.58,,101,1030.7,11,,113,12.73,,,,110
2002,K,24-May-02,2002-05-24,144,8.22,,197,1097.4,12,,73,10.07,,,,157
2002,K,07-Jun-02,2002-06-07,158,8,,233,1090,35,,24,12.98,,,,224
2002,K,25-Jun-02,2002-06-25,176,8.79,,175,1006.8,3,,44,15.85,,,,33
2002,K,10-Jul-02,2002-07-10,191,9.6,,144,973.3,13,,12,11.76,,,,85
2002,K,24-Jul-02,2002-07-24,205,9,,131,1153,15,,71,15.26,,,,18
2002,K,08-Aug-02,2002-08-08,220,7.3,,71,1006.7,29,,10,13.59,,,,48
2002,K,23-Aug-02,2002-08-23,235,,,,,,,,,,,,
2003,K,12-May-03,2003-05-12,132,9.6,,200,910.1,,,0,11.12,55.56,460.59,,0
2003,K,23-May-03,2003-05-23,143,9.07,,171,953.9,,,0,12.14,54.02,422.34,,0
2003,K,06-Jun-03,2003-06-06,157,8.94,,158,825.4,,,0,5.62,34.18,437.76,,0
2003,K,23-Jun-03,2003-06-23,174,8.92,,201,843.3,,,17,9.76,54.18,421.99,,5
2003,K,04-Jul-03,2003-07-04,185,8.86,,197,845.7,,,0,9.98,54.66,424.24,,0
2003,K,15-Jul-03,2003-07-15,196,8.97,,169,964.4,,,0,9.41,53.56,432.73,,0
2003,K,01-Aug-03,2003-08-01,213,9.37,,161,929.8,,,0,9.91,52.66,432.87,,0
2003,K,15-Aug-03,2003-08-15,227,9.65,,159,896.1,,,0,11.25,56.06,433.19,,0
2003,K,25-Aug-03,2003-08-25,237,9.44,,141,844.8,,,0,10.4,53.37,430.73,,0
2004,K,17-May-04,2004-05-17,138,8.7,178.9,199.9,868.18,,0.93,2.92,14.36,55.42,,,596.56
2004,K,01-Jun-04,2004-06-01,153,8.7,162.5,188.8,1068.2,,0.42,15.16,14,54.53,,,456.75
2004,K,11-Jun-04,2004-06-11,163,8.9,158.3,183.6,938.79,,144.05,13.65,13.57,54.89,,,395.81
2004,K,25-Jun-04,2004-06-25,177,8.9,157,157,911.5,,11.99,66.21,11.68,,,,309.18
2004,K,09-Jul-04,2004-07-09,191,9.1,146.8,163.1,1069.54,,5.17,124.78,12.4,,,,120.63
2004,K,20-Jul-04,2004-07-20,202,8.7,155,179.7,970.71,,1.22,2.08,12.8,,,,307.96
2004,K,04-Aug-04,2004-08-04,217,9.1,139.2,160.4,1133.93,,2.02,68.19,11.69,,,,39.47
2004,K,25-Aug-04,2004-08-25,238,8.9,143,166.1,846,,,16.2,,,,,194
2005,K,12-May-05,2005-05-12,132,8.9,157.1,39.8,1169,,,16.1,11.54,42.53,,,451
2005,K,26-May-05,2005-05-26,146,9.1,146.5,164.7,857,,,8.28,12.28,41.68,,,463
2005,K,08-Jun-05,2005-06-08,159,9,141.7,160.1,1020,,,135,13,44.54,,,200
2005,K,22-Jun-05,2005-06-22,173,9.5,113,136.9,960.7,,,92.2,12.45,43.65,,,33.3
2005,K,06-Jul-05,2005-07-06,187,9.2,147.1,171.8,1387.2,,,231,11.7,43.03,,,82.8
2005,K,20-Jul-05,2005-07-20,201,9.4,116.4,140.3,834.6,,,38.4,11.69,42.99,,,18.4
2005,K,03-Aug-05,2005-08-03,215,9.6,113.8,145.6,1277.2,,,54,11.19,42.24,,,12.8
2005,K,17-Aug-05,2005-08-17,229,9.5,116,143.4,853.3,,,39.4,10.52,41.49,,,16.7
2006,K,05-May-06,2006-05-05,125,8.9,184.62,205.47,888,74806,,90.6,16.55,43.67,,,522
2006,K,17-May-06,2006-05-17,137,9.5,123.17,150.32,1011.9,74813,,99.7,14.96,42.67,,,88.1
2006,K,07-Jun-06,2006-06-07,158,9.3,127.03,150.35,1010.7,74826,,138,15.93,43.51,,,99.3
2006,K,14-Jun-06,2006-06-14,165,9.3,132.63,159.61,971,74830,,101,16.56,44.12,,,219
2006,K,28-Jun-06,2006-06-28,179,9.7,102.1,134.63,907.3,74838,,77.4,15.42,44.08,,,74.7
2006,K,12-Jul-06,2006-07-12,193,9.8,78.55,135.42,944.4,74846,,73.3,14.61,43.43,,,50.1
2006,K,26-Jul-06,2006-07-26,207,10,67.88,92.09,964.8,74855,,77.2,,,,,19.2
2006,K,09-Aug-06,2006-08-09,221,10.1,77.66,104.38,899.9,74862,,44,16.08,43.73,,,11.1
2006,K,23-Aug-06,2006-08-23,235,9.9,58.18,86.91,1010.9,74870,,45.5,16.08,42.55,,,29.1
2006,K,07-Sep-06,2006-09-07,250,9.5,41.99,72.17,989.06,74876,,28.7,13.32,38.12,,,7.94
2006,K,21-Sep-06,2006-09-21,264,8.6,127,148,888,,,9,14.75,39.86,,,532
2006,K,05-Oct-06,2006-10-05,278,8.3,185,210,890,,,8,17.7,43.59,,,1010
2006,K,19-Oct-06,2006-10-19,292,8.3,195,211,830,,,10,16.42,42.95,,,1140
2006,K,02-Nov-06,2006-11-02,306,8.6,189,210,900,,,8,15.8,43.87,,,1060
2006,K,17-Nov-06,2006-11-17,321,8.6,,,,,,,,,,,
2007,K,24-Jan-07,2007-01-24,24,8.4,,,,,,,12.37,44.75,,,
2007,K,17-Feb-07,2007-02-17,48,8.4,,,,,,,10.64,47.91,,,
2007,K,04-May-07,2007-05-04,124,8.2,113,140,1520,,,0.2,14.82,42.94,423.6,0.6,847
2007,K,18-May-07,2007-05-18,138,8.8,96,116,1300,,,0.2,13.88,43.42,431.99,0.1,592
2007,K,01-Jun-07,2007-06-01,152,8.8,98,120,1240,,,16,11.53,43.71,429.15,0.15,658
2007,K,15-Jun-07,2007-06-15,166,9.1,106,124,1220,,,0.2,14.84,44.19,430,0.63,520
2007,K,29-Jun-07,2007-06-29,180,8.5,132,153,1370,,,0.2,14.93,43.99,428.8,0.62,670
2007,K,13-Jul-07,2007-07-13,194,8.9,140,166,1260,,,0.2,14.1,44.33,435.98,0.77,604
2007,K,27-Jul-07,2007-07-27,208,9.2,113,137,1180,,,0.2,11.44,45.14,440.41,0.35,534
2007,K,10-Aug-07,2007-08-10,222,9,68,88,934,,,0.2,11.92,42.72,447.02,0.9,294
2007,K,23-Aug-07,2007-08-23,235,9,89,104,1020,,,0.2,12.07,43.16,449.1,1.05,442
2007,K,24-Sep-07,2007-09-24,267,8.7,155,167,1330,,,0.2,11.12,44.97,454.85,1.25,717
2007,K,10-Oct-07,2007-10-10,283,8.8,172,190,1550,,,0.2,12.2,43.55,464.04,1.28,873
2007,K,22-Oct-07,2007-10-22,295,8.6,178,211,1580,,,0.2,12.22,43.72,458.34,1.25,913
2007,K,07-Nov-07,2007-11-07,311,8.9,152,172,1510,,,0.2,15.39,44.81,454.67,0.36,691
2008,K,09-May-08,2008-05-09,130,8.7,134,175,1650,,,0.2,20.17,48.47,,0,855
2008,K,23-May-08,2008-05-23,144,8.9,97,113,1350,,,0.2,15.24,48.5,,0,526
2008,K,06-Jun-08,2008-06-06,158,9.2,81,110,1090,,,6,13.95,48.47,,0,254
2008,K,20-Jun-08,2008-06-20,172,9.1,106,122,1160,,,0.2,13.8,49.66,,0,367
2008,K,05-Jul-08,2008-07-05,187,9.3,115,149,1190,,,4,14.56,49.65,,0,375
2008,K,18-Jul-08,2008-07-18,200,9.2,124,159,1390,,,7,16.73,50.4,,0,488
2008,K,01-Aug-08,2008-08-01,214,9.1,152,199,1510,,,13,18.61,49.88,,0,668
2008,K,15-Aug-08,2008-08-15,228,9.3,79,118,1480,,,11,14.67,48.46,,0,535
2008,K,29-Aug-08,2008-08-29,242,9.2,121,156,1520,,,500,16.53,47.93,,0,76
2008,K,17-Sep-08,2008-09-17,261,9.1,156,206,1780,,,731,20.91,48.35,,0,64
2008,K,31-Oct-08,2008-10-31,305,8.6,169,205,2100,,,670,16.39,49.74,,0,411
2009,K,08-May-09,2009-05-08,128,8.7,90,135,1680,,,0.2,12.37,60.16,,0,791
2009,K,22-May-09,2009-05-22,142,9,92,148,1480,,,0.2,18.49,60.23,,0,591
2009,K,05-Jun-09,2009-06-05,156,9,71,143,1480,,,0.2,17.05,61.73,,0,603
2009,K,19-Jun-09,2009-06-19,170,9.6,65,123,1260,,,0.2,16.19,61.13,,0,351
2009,K,03-Jul-09,2009-07-03,184,10.2,73,129,1270,,,0.2,21.28,59.43,,0,338
2009,K,17-Jul-09,2009-07-17,198,10.6,118,177,1380,,,0.2,18.13,60.75,,0,461
2009,K,31-Jul-09,2009-07-31,212,10.3,105,175,1340,,,0.2,20.39,60.11,,0,372
2009,K,14-Aug-09,2009-08-14,226,10.2,110,204,1490,,,0.2,18.53,61.93,,0,553
2009,K,28-Aug-09,2009-08-28,240,,153,237,1760,,,476,15.46,59.07,,0,240
2010,K,07-May-10,2010-05-07,127,8.6,80,140,1570,,,0.2,32.28,44.73,,0,672
2010,K,21-May-10,2010-05-21,141,9.1,43,106,1230,,,3,33.59,45,,0,309
2010,K,04-Jun-10,2010-06-04,155,8.9,64,122,1290,,,0.2,33.77,45.57,,0,397
2010,K,18-Jun-10,2010-06-18,169,9.2,57,118,1260,,,7,37.16,45.31,,0,348
2010,K,02-Jul-10,2010-07-02,183,9.3,78,145,1440,,,0.2,28.76,42.79,,0,404
2010,K,16-Jul-10,2010-07-16,197,9.7,86,164,1430,,,0.2,29.43,44.03,,0,425
2010,K,30-Jul-10,2010-07-30,211,10.1,57,124,1260,,,8,24.02,41.39,,0,321
2010,K,13-Aug-10,2010-08-13,225,10.4,38,99,1150,,,0.2,25.95,38.12,,0,145
2010,K,27-Aug-10,2010-08-27,239,8.9,125,207,1790,,,563,26.55,43.35,,0,285
2011,K,20-May-11,2011-05-20,140,8.8,113,122,1550,,,0.2,8.56,50.53,,0,917
2011,K,03-Jun-11,2011-06-03,154,8.7,112,114,1360,,,0.2,8.57,51.35,,0,759
2011,K,17-Jun-11,2011-06-17,168,9,109,104,1360,,,0.2,6.49,49.29,,0,232
2011,K,30-Jun-11,2011-06-30,181,8.3,151,146,1430,,,0.2,8.98,47.54,,0,823
2011,K,15-Jul-11,2011-07-15,196,9.9,202,193,1270,,,0.2,10.97,48.8,,0,566
2011,K,29-Jul-11,2011-07-29,210,8.8,205,212,1180,,,0.2,7.19,50.42,,0,289
2011,K,12-Aug-11,2011-08-12,224,8.9,294,319,1470,,,0.2,7.97,48.96,,0,716
2011,K,26-Aug-11,2011-08-26,238,8.8,293,302,1390,,,0.2,14.2,47.98,,0,514
2012,K,04-May-12,2012-05-04,125,8.6,318,314,1680,,,0.2,4.3,64.76,,0,717
2012,K,18-May-12,2012-05-18,139,8.7,288,295,1590,,,0.2,12.76,64.71,,0,555
2012,K,01-Jun-12,2012-06-01,153,8.9,263,266,1340,,,0.2,6.41,66.66,,0,367
2012,K,15-Jun-12,2012-06-15,167,8.6,228,270,1510,,,0.2,3.9,66.96,,0,543
2012,K,29-Jun-12,2012-06-29,181,8.52,268,275,1590,,,0.2,11.25,69.32,,0,640
2012,K,13-Jul-12,2012-07-13,195,8.66,230,241,1360,,,0.2,6.96,68.61,,0,420
2012,K,27-Jul-12,2012-07-27,209,8.93,231,250,1340,,,0.2,7.35,66.69,,0,453
2012,K,10-Aug-12,2012-08-10,223,8.19,306,307,1640,,,578,3.78,62.95,,0,61
2012,K,24-Aug-12,2012-08-24,237,8.67,229,236,1400,,,17,4.58,62.73,,0,294
2013,K,17-May-13,2013-05-17,137,10.07,274,287,2100,,,0.3,,,,0,1040
2013,K,14-Jun-13,2013-06-14,165,9.16,96,110,1100,,,0.3,,,,0,200
2013,K,28-Jun-13,2013-06-28,179,9.4,202,222,1630,,,0.3,,,,0,798
2013,K,12-Jul-13,2013-07-12,193,10.39,212,223,1780,,,0.3,,,,0,873
2013,K,26-Jul-13,2013-07-26,207,9.2,164,180,1370,,,0.3,,,,0,346
2013,K,09-Aug-13,2013-08-09,221,9.4,110,126,1140,,,36,,,,0,72
2013,K,23-Aug-13,2013-08-23,235,9.1,106,127,1170,,,14,,,,0,147
2014,K,23-May-14,2014-05-23,143,9,162,176,1560,,,0.3,,,,0,719
2014,K,06-Jun-14,2014-06-06,157,9.1,113,139,1220,,,0.3,,,,0,380
2014,K,20-Jun-14,2014-06-20,171,9.2,129,155,1330,,,0.3,,,,0,562
2014,K,04-Jul-14,2014-07-04,185,9.2,207,224,1620,,,0.3,,,,0,730
2014,K,17-Jul-14,2014-07-17,198,8.9,148,170,1390,,,0.3,,,,0,489
2014,K,01-Aug-14,2014-08-01,213,9.2,241,271,1840,,,546,,,,0,423
2014,K,15-Aug-14,2014-08-15,227,9.4,184,199,1730,,,491,,,,0,183
1994,L,26-Jun-94,1994-06-26,177,9.75,273,,516,,,,14.76,,,,
1994,L,11-Jul-94,1994-07-11,192,8.99,98,,482,,,,9.27,,,,
1994,L,29-Jul-94,1994-07-29,210,9.9,,,,,,,,,,,
1994,L,28-Aug-94,1994-08-28,240,,,,,,,,,,,,
1995,L,12-May-95,1995-05-12,132,8.36,30,,,,,0,11,,,,0
1995,L,25-May-95,1995-05-25,145,8.29,30,,,,,20,12,,,,0
1995,L,05-Jun-95,1995-06-05,156,8.66,30,,,,,0,9.5,,,,480
1995,L,19-Jun-95,1995-06-19,170,8.7,30,,,,,70,8,,,,210
1995,L,04-Jul-95,1995-07-04,185,8.5,240,,,,,150,18,,,,0
1995,L,18-Jul-95,1995-07-18,199,8.67,20,,,,,200,10,,,,0
1995,L,31-Jul-95,1995-07-31,212,8.65,60,,,,,290,12,,,,0
1995,L,22-Aug-95,1995-08-22,234,8.67,50,,,,,0,8.9,,,,520
1996,L,08-May-96,1996-05-08,129,8,22,,,,,114,15.3,,,,195
1996,L,23-May-96,1996-05-23,144,8,32,,,,,60,13.66,,,,195
1996,L,03-Jun-96,1996-06-03,155,8.3,10,,,,,12,9.91,,,,11
1996,L,25-Jun-96,1996-06-25,177,8.83,6,,,,,12,43.81,,,,11
1996,L,09-Jul-96,1996-07-09,191,8.77,16,,,,,48,12.89,,,,11
1996,L,22-Jul-96,1996-07-22,204,8.38,25,,,,,84,22.27,,,,173
1996,L,08-Aug-96,1996-08-08,221,8,10,,,,,42,10.64,,,,4
1996,L,20-Aug-96,1996-08-20,233,8.5,10,,,,,6,13.25,,,,11
1997,L,16-May-97,1997-05-16,136,8.2,23,,,,,8,6.99,,,,13
1997,L,04-Jun-97,1997-06-04,155,7.9,7,,,,,8,4.4,,,,2
1997,L,16-Jun-97,1997-06-16,167,8.93,13,,,,,8,4.38,,,,13
1997,L,04-Jul-97,1997-07-04,185,8.34,10,,,,,20,7.02,,,,15
1997,L,17-Jul-97,1997-07-17,198,8.23,20,,,,,8,6.99,,,,5
1997,L,02-Aug-97,1997-08-02,214,8.28,14,,,,,60,8.32,,,,8
1997,L,12-Aug-97,1997-08-12,224,8.7,7,,,,,8,7.71,,,,3
1997,L,27-Aug-97,1997-08-27,239,8.3,7,,,,,8,10.26,,,,3
1998,L,12-May-98,1998-05-12,132,9.1,5,30,700,,,24,14.77,60.24,,,20
1998,L,27-May-98,1998-05-27,147,9.3,5,20,800,,,42,10.04,31.03,,,20
1998,L,18-Jun-98,1998-06-18,169,9.3,5,470,600,,,18,13.36,54.01,,,5
1998,L,26-Jun-98,1998-06-26,177,9.3,2.5,20,600,,,24,12.01,45.42,,,5
1998,L,10-Jul-98,1998-07-10,191,9.5,2.5,20,800,,,3,8.58,34.02,,,5
1998,L,27-Jul-98,1998-07-27,208,9.6,2.5,20,550,,,12,14.31,58.58,,,5
1998,L,12-Aug-98,1998-08-12,224,9.1,2.5,25,750,,,48,15.18,57.51,,,5
1998,L,30-Aug-98,1998-08-30,242,9.8,2.5,35,1200,,,42,16.84,55.65,,,5
1999,L,06-May-99,1999-05-06,126,8.9,20,,1090,,,87,11.8,51.32,,,14
1999,L,20-May-99,1999-05-20,140,8.4,10,,675,,,4,10.71,45.36,,,7
1999,L,07-Jun-99,1999-06-07,158,8.4,0.1,,790,,,2,10.39,52.07,,,0
1999,L,21-Jun-99,1999-06-21,172,7.3,0.1,,710,,,18,10.23,52.02,,,0
1999,L,08-Jul-99,1999-07-08,189,9.1,0.1,,1240,,,2,10.43,56.19,,,0
1999,L,21-Jul-99,1999-07-21,202,9.3,0.1,,640,,,3,9.74,51.49,,,0
1999,L,11-Aug-99,1999-08-11,223,8.6,540,,790,,,47,10.19,53.18,,,4
1999,L,27-Aug-99,1999-08-27,239,9.1,10,,675,,,3,10.97,42.56,,,21
2000,L,09-May-00,2000-05-09,130,8.1,22,,,,,0,9.73,59.13,,,80
2000,L,25-May-00,2000-05-25,146,8.25,,,,,,61,9.04,65.73,,,88
2000,L,07-Jun-00,2000-06-07,159,8.6,31,,,,,1,7.94,65.45,,,80
2000,L,23-Jun-00,2000-06-23,175,8.3,7,,,,,0,8.01,64.67,,,86
2000,L,05-Jul-00,2000-07-05,187,8.26,31,,,,,6,8.07,63.01,,,85
2000,L,20-Jul-00,2000-07-20,202,8.23,32,,,,,30,9.49,65.33,,,83
2000,L,02-Aug-00,2000-08-02,215,,37,,,,,0,10.3,64.01,,,86
2000,L,21-Aug-00,2000-08-21,234,,22,,,,,13,10.08,67.11,,,84
2001,L,14-May-01,2001-05-14,134,9.07,,16.9,898.5,42,,0,8.25,50.84,,,1.7
2001,L,30-May-01,2001-05-30,150,8.79,,14,877.6,28,,12.4,9,84.77,,,1.7
2001,L,12-Jun-01,2001-06-12,163,8.69,,,,10,,,14.13,82.33,,,
2001,L,21-Jun-01,2001-06-21,172,8.71,,19,1015.5,30,,20.2,11.63,81.99,,,1.7
2001,L,10-Jul-01,2001-07-10,191,8.77,,20,897.7,31,,0,41.64,84.06,,,1.7
2001,L,26-Jul-01,2001-07-26,207,7.38,,49.5,998.8,29,,0,12.94,79.6,,,298.5
2001,L,07-Aug-01,2001-08-07,219,9.05,,50.4,1303.3,25,,0,13.53,80.13,,,47
2001,L,20-Aug-01,2001-08-20,232,9.11,,271.1,1117.9,13,,163,13.44,80.7,,,1.7
2002,L,17-May-02,2002-05-17,137,8.79,,22,1131.8,31,,41,14.69,,,,10
2002,L,31-May-02,2002-05-31,151,7.89,,57,1509.9,33,,36,14.52,,,,16
2002,L,12-Jun-02,2002-06-12,163,8.44,,25,1069.2,14,,24,28.02,,,,15
2002,L,28-Jun-02,2002-06-28,179,8.66,,21,1087.2,6,,14,12.62,,,,10
2002,L,12-Jul-02,2002-07-12,193,9,,22,1061.8,7,,17,10.88,,,,8
2002,L,25-Jul-02,2002-07-25,206,8.6,,56,1104,2,,22,21.46,,,,23
2002,L,14-Aug-02,2002-08-14,226,8.88,,72,1130.8,48,,35,12.94,,,,19
2002,L,26-Aug-02,2002-08-26,238,8.88,,58,1091,43,,12,14.75,,,,21
2003,L,20-May-03,2003-05-20,140,8.38,,30,977.8,,,23,11.74,61.76,707.09,,5
2003,L,30-May-03,2003-05-30,150,9.03,,33,991.6,,,0,16.73,64.47,715.47,,0
2003,L,17-Jun-03,2003-06-17,168,8.99,,47,1057.4,,,0,12.36,,799.44,,0
2003,L,02-Jul-03,2003-07-02,183,8.78,,30,999.5,,,0,11.7,62.58,720.82,,0
2003,L,11-Jul-03,2003-07-11,192,8.74,,70,970.5,,,0,11.17,63.64,717.46,,0
2003,L,28-Jul-03,2003-07-28,209,9.08,,25,1089.9,,,0,11.82,61.68,732.27,,25
2003,L,08-Aug-03,2003-08-08,220,9.31,,64,999.3,,,0,11.62,65.47,734.48,,37
2003,L,22-Aug-03,2003-08-22,234,9.27,,74,937.7,,,10,11.88,62.09,717.59,,5
2004,L,10-May-04,2004-05-10,131,8.9,24.7,44.6,1321.02,,0.2,169.67,17.47,66.68,,,91.64
2004,L,25-May-04,2004-05-25,146,8.9,11.4,29.2,1014.65,,0.13,40.73,17.62,66.08,,,3.03
2004,L,07-Jun-04,2004-06-07,159,8.7,5.9,23.2,942.98,,0.11,21.3,15.75,62.54,,,0
2004,L,21-Jun-04,2004-06-21,173,8.9,6.4,19.9,969.49,,,27.19,12.3,,,,
2004,L,05-Jul-04,2004-07-05,187,8.9,9.8,27.8,951.28,,31.87,12.95,13.26,,,,41.4
2004,L,19-Jul-04,2004-07-19,201,8.7,6,25.3,1113.78,,,20.3,12.83,,,,
2004,L,30-Jul-04,2004-07-30,212,8.6,14.6,31.4,976.09,,0.82,25.17,12.23,,,,4.25
2004,L,19-Aug-04,2004-08-19,232,8.7,32.3,169.8,840,,,13.1,,,,,127
2005,L,16-May-05,2005-05-16,136,9.1,11.2,22.2,970,,,32.8,14.16,57.34,,,18.9
2005,L,30-May-05,2005-05-30,150,9.1,8.5,19.9,846.01,,,34.7,14.43,53.45,,,7.99
2005,L,10-Jun-05,2005-06-10,161,9.1,7,17.7,991.93,,,27.3,13.54,56.96,,,8.07
2005,L,24-Jun-05,2005-06-24,175,9.2,14.6,22.8,893.19,,,33.3,13.93,56.32,,,9.81
2005,L,08-Jul-05,2005-07-08,189,9.1,12.5,26.1,908.42,,,23.7,13.64,54.86,,,5.58
2005,L,21-Jul-05,2005-07-21,202,9.1,20,33.3,869.52,,,27.3,13.55,55.85,,,6.48
2005,L,08-Aug-05,2005-08-08,220,9.4,16,31.1,879.52,,,35.2,14.5,52.98,,,8.48
2005,L,19-Aug-05,2005-08-19,231,9.3,21.9,32.4,1232.5,,,83.6,14.9,55.47,,,27.5
2006,L,12-May-06,2006-05-12,132,9.1,5.35,24.19,963.57,74810,,44,28.6,54.21,,,2.43
2006,L,26-May-06,2006-05-26,146,9.3,5.45,21.56,951.76,74818,,41.2,28.64,52.91,,,5.24
2006,L,12-Jun-06,2006-06-12,163,9.3,14.33,32.41,943,74829,,56.9,21.93,51.78,,,17
2006,L,23-Jun-06,2006-06-23,174,9.3,10.65,28.69,958,74835,,50.3,15.6,52,,,4
2006,L,07-Jul-06,2006-07-07,188,9.4,10.59,30.39,985.83,74843,,38.3,19.92,53.49,,,1.17
2006,L,21-Jul-06,2006-07-21,202,9.7,8.2,27.55,992.76,74851,,34,29.87,53.21,,,7.24
2006,L,04-Aug-06,2006-08-04,216,9.7,27.59,46.59,1004.65,74859,,75.2,15.05,51.57,,,5.35
2006,L,18-Aug-06,2006-08-18,230,9.8,62.88,83.05,1101.68,74867,,141,16.4,51.68,,,8.32
2006,L,31-Aug-06,2006-08-31,243,10,40.11,66.69,1037.6,74875,,94,27.93,53.53,,,12.4
2007,L,11-May-07,2007-05-11,131,8.7,5,20,1040,,,0.2,18.04,53.54,731.39,2.66,187
2007,L,25-May-07,2007-05-25,145,8.6,8,19,960,,,0.2,17.14,53.42,724.03,2.04,100
2007,L,08-Jun-07,2007-06-08,159,8.8,4,17,905,,,0.2,16.24,50.77,709.15,1.05,107
2007,L,22-Jun-07,2007-06-22,173,8.7,9,23,925,,,0.2,16.35,52.48,706.92,1.2,104
2007,L,10-Jul-07,2007-07-10,191,8.5,15,27,892,,,0.2,16.79,50.86,699.33,0.81,117
2007,L,20-Jul-07,2007-07-20,201,8.7,19,26,918,,,0.2,,,698.13,1.8,182
2007,L,03-Aug-07,2007-08-03,215,8.9,23,31,1030,,,0.2,16.11,51.73,683.08,2.5,269
2007,L,17-Aug-07,2007-08-17,229,8.8,34,45,980,,,0.2,15.74,52.13,703.26,3.6,233
2007,L,31-Aug-07,2007-08-31,243,8.9,47,63,1030,,,0.2,16.24,52.44,707.7,4,209
2008,L,16-May-08,2008-05-16,137,8.3,14,22.9,1180,,,9,15.69,57.87,,0,215
2008,L,30-May-08,2008-05-30,151,8.8,7,20.2,936,,,5,15.49,57.22,,0,106
2008,L,13-Jun-08,2008-06-13,165,8.8,9,18.7,1120,,,8,15.84,57.22,,0,110
2008,L,01-Jul-08,2008-07-01,183,8.6,6,17.4,1020,,,6,15.21,56.56,,0,50
2008,L,11-Jul-08,2008-07-11,193,8.4,13,22.3,1080,,,0.2,16,55.81,,0,171
2008,L,25-Jul-08,2008-07-25,207,8.8,13,25.8,1100,,,19,,,,0,68
2008,L,08-Aug-08,2008-08-08,221,9,8,19.6,988,,,43,14.81,56.05,,0,5
2008,L,26-Aug-08,2008-08-26,239,9,35,55.8,1090,,,10,15.4,56.55,,0,111
2008,L,05-Sep-08,2008-09-05,249,9,45,62.4,1430,,,101,14.61,57.74,,0,29
2009,L,15-May-09,2009-05-15,135,8.7,16,36,1160,,,0.2,82.38,7.28,,0,207
2009,L,29-May-09,2009-05-29,149,8.7,7,25,1110,,,0.2,19.29,71.82,,0,146
2009,L,12-Jun-09,2009-06-12,163,9,13,28,986,,,0.2,20.23,68.83,,0,51
2009,L,26-Jun-09,2009-06-26,177,8.7,13,32,970,,,0.2,15.43,58.95,,0,50
2009,L,10-Jul-09,2009-07-10,191,9.2,38,71,1150,,,0.2,18.93,66.98,,0,239
2009,L,24-Jul-09,2009-07-24,205,9.4,0.1,32,970,,,8,19.58,67.79,,0,45
2009,L,07-Aug-09,2009-08-07,219,9.3,29,55,981,,,0.2,18.22,67.59,,0,0.1
2009,L,21-Aug-09,2009-08-21,233,9.2,30,61,1010,,,0.2,78.36,3.35,,0,0.1
2009,L,04-Sep-09,2009-09-04,247,8.9,44,84,996,,,0.2,13.35,69.75,,0,0.1
2010,L,14-May-10,2010-05-14,134,8.3,9,26,1040,,,0.2,35.16,51.4,,0,156
2010,L,28-May-10,2010-05-28,148,9,22,45,1150,,,3,31.4,49.26,,0,265
2010,L,11-Jun-10,2010-06-11,162,9.3,5,16,971,,,0.2,36.48,50.99,,0,104
2010,L,25-Jun-10,2010-06-25,176,9.3,3,15,1020,,,0.2,38.48,50.97,,0,122
2010,L,09-Jul-10,2010-07-09,190,9.5,8,17,970,,,0.2,29.63,47.69,,0,82
2010,L,23-Jul-10,2010-07-23,204,10,13,27,1010,,,14,31.08,47.6,,0,76
2010,L,06-Aug-10,2010-08-06,218,9.8,22,42,1190,,,5,26.69,46.51,,0,246
2010,L,20-Aug-10,2010-08-20,232,10.3,38,54,1180,,,65,34.98,49,,0,82
2010,L,03-Sep-10,2010-09-03,246,8.7,56,71,1320,,,139,31.97,47.77,,0,145
2011,L,13-May-11,2011-05-13,133,8.5,70,75,1350,,,0.2,8.75,61.47,,0,608
2011,L,27-May-11,2011-05-27,147,9.4,35,46,1000,,,0.2,10.25,56.71,,0,212
2011,L,10-Jun-11,2011-06-10,161,8.7,10,25,885,,,0.2,9.07,58.38,,0,43
2011,L,24-Jun-11,2011-06-24,175,8.7,7,18,931,,,0.2,6.72,60.03,,0,133
2011,L,08-Jul-11,2011-07-08,189,9.1,54,51,1010,,,0.2,12.06,57.34,,0,209
2011,L,22-Jul-11,2011-07-22,203,8.7,22,33,876,,,0.2,8.77,59.31,,0,4
2011,L,05-Aug-11,2011-08-05,217,10.1,20,32,876,,,0.2,10.44,58.49,,0,3
2011,L,19-Aug-11,2011-08-19,231,8.8,87,83,1080,,,0.2,4.82,60.01,,0,257
2011,L,02-Sep-11,2011-09-02,245,13.5,76,83,1090,,,0.2,12.16,57.27,,0,221
2012,L,11-May-12,2012-05-11,132,8.6,24,23,1030,,,0.2,2.57,68.93,,0,62
2012,L,25-May-12,2012-05-25,146,8.6,22,22,956,,,0.2,1.6,69.02,,0,86
2012,L,08-Jun-12,2012-06-08,160,8.6,23,24,943,,,0.2,-0.66,70.77,,0,50
2012,L,22-Jun-12,2012-06-22,174,8.62,24,23,996,,,0.2,7.09,68.62,,0,70
2012,L,06-Jul-12,2012-07-06,188,8.57,46,39,1030,,,0.2,8.41,64.15,,0,160
2012,L,20-Jul-12,2012-07-20,202,8.54,56,51,1060,,,0.2,-3.47,76.73,,0,127
2012,L,03-Aug-12,2012-08-03,216,8.97,35,28,1030,,,0.2,14.66,67.76,,0,71
2012,L,17-Aug-12,2012-08-17,230,8.2,103,102,1060,,,53,5.85,64.19,,0,26
2012,L,31-Aug-12,2012-08-31,244,8.23,125,124,1240,,,109,-2.89,67.03,,0,35
2013,L,07-Jun-13,2013-06-07,158,8.82,45,52,974,,,99,,,,0,9
2013,L,21-Jun-13,2013-06-21,172,9.25,45,52,945,,,0.3,,,,0,45
2013,L,05-Jul-13,2013-07-05,186,9.31,22,29,956,,,7,,,,0,11
2013,L,19-Jul-13,2013-07-19,200,10.94,71,80,1010,,,5,,,,0,47
2013,L,02-Aug-13,2013-08-02,214,9.1,73,82,1010,,,0.3,,,,0,16
2013,L,16-Aug-13,2013-08-16,228,8.9,77,88,1010,,,27,,,,0,14
2013,L,30-Aug-13,2013-08-30,242,9.1,82,92,1100,,,66,,,,0,0.1
2014,L,16-May-14,2014-05-16,136,9.1,75,86,1090,,,0.3,,,,0,216
2014,L,30-May-14,2014-05-30,150,7.8,68,81,1060,,,0.3,,,,0,150
2014,L,13-Jun-14,2014-06-13,164,8.7,55,68,967,,,18,,,,0,33
2014,L,27-Jun-14,2014-06-27,178,9.3,90,104,1220,,,0.3,,,,0,389
2014,L,11-Jul-14,2014-07-11,192,8.6,82,96,1140,,,0.3,,,,0,248
2014,L,25-Jul-14,2014-07-25,206,8.7,81,98,1030,,,15,,,,0,54
2014,L,08-Aug-14,2014-08-08,220,8.8,134,147,1230,,,187,,,,0,32
2014,L,22-Aug-14,2014-08-22,234,8.8,145,157,1180,,,176,,,,0,29
1994,M,16-Aug-94,1994-08-16,228,,,,,,,,,,,,
2005,M,22-Jul-05,2005-07-22,203,9.7,99.8,127,852,,,75.2,10.76,41.59,,,27
2006,M,31-May-06,2006-05-31,151,,64.47,90.69,962,74821,,70.9,14.82,43.71,,,158
1994,P,19-Aug-94,1994-08-19,231,,,,,,,,,,,,
2000,P,31-Aug-00,2000-08-31,244,,,,,,,,,,,,
2004,P,13-May-04,2004-05-13,134,8.9,42.4,60.7,770.57,,1.9,4.7,11.39,50.41,,,1071.89
2004,P,28-May-04,2004-05-28,149,8.7,63.3,83.5,842.87,,1.12,5.39,10.55,50,,,928.59
2004,P,09-Jun-04,2004-06-09,161,8.7,96.5,114.7,871.47,,1.44,5.96,10.7,48.35,,,947.27
2004,P,24-Jun-04,2004-06-24,176,8.7,142.4,156.4,850.5,,5.18,2.91,9.93,,,,1099.48
2004,P,08-Jul-04,2004-07-08,190,8.7,166.3,180.1,1077.64,,0.3,1.7,10.8,,,,1004.71
2004,P,22-Jul-04,2004-07-22,204,8.7,183.9,210.9,762.05,,1.58,2.08,10.78,,,,1031.22
2004,P,06-Aug-04,2004-08-06,219,9.1,71.2,97.4,956.4,,1.25,96.82,10.84,,,,69.51
2004,P,20-Aug-04,2004-08-20,233,8.8,120.9,139.9,734,,,11.3,,,,,259
2004,P,01-Sep-04,2004-09-01,245,9.3,167.4,174.9,659,,,11,,,,,721
2004,P,17-Sep-04,2004-09-17,261,9.1,174.3,189.3,1412.83,,5.61,589.16,10.41,,,,66.28
2005,P,09-May-05,2005-05-09,129,8.8,56,71.9,830,,,14.4,10.5,40.1,,,1130
2005,P,25-May-05,2005-05-25,145,9.2,10.1,25.4,889,,,17.1,10.71,42.7,,,641
2005,P,08-Jun-05,2005-06-08,159,9.1,8,25.3,814,,,19.3,11.72,42.73,,,466
2005,P,21-Jun-05,2005-06-21,172,8.8,64.5,78.8,779,,,23.8,10.82,40.24,,,591
2005,P,07-Jul-05,2005-07-07,188,9.1,113.1,137,823,,,13,11.36,41.03,,,627
2005,P,19-Jul-05,2005-07-19,200,9.2,115.2,129.8,997.9,,,228,11.46,42.71,,,92.1
2005,P,02-Aug-05,2005-08-02,214,9.1,159.6,181.9,1189,,,312,11.42,43.28,,,101
2005,P,16-Aug-05,2005-08-16,228,8.9,205.8,227.2,1229,,,476,11.81,43.21,,,41
2005,P,30-Aug-05,2005-08-30,242,9.5,114.3,133.8,867.9,,,43,11.55,42.45,,,13.1
2005,P,13-Sep-05,2005-09-13,256,9.3,163.2,185.2,1031.9,,,210,11.14,42.31,,,18.1
2005,P,26-Sep-05,2005-09-26,269,9.1,190.4,219.8,1396.8,,,427,11.6,44.41,,,33.2
2006,P,09-May-06,2006-05-09,129,9.1,1.82,24.59,1155,74808,,255,14.23,41.33,,,385
2006,P,24-May-06,2006-05-24,144,9.3,34,53,769,,,14,14.34,43.8,,,114
2006,P,07-Jun-06,2006-06-07,158,9,55.47,78.37,1219,74825,,228,16.03,44.87,,,421
2006,P,21-Jun-06,2006-06-21,172,9.1,0.5,5,171,,,9,15.81,45.32,,,248
2006,P,05-Jul-06,2006-07-05,186,9.3,53.1,79.72,1129,74841,,182,14.86,47.18,,,141
2006,P,18-Jul-06,2006-07-18,199,9.5,91.39,121.75,1052.5,74850,,173,14.99,46.73,,,27.5
2006,P,26-Jul-06,2006-07-26,207,9.8,,,,,,,,,,,
2006,P,02-Aug-06,2006-08-02,214,9.6,115.62,145.3,1115,74858,,225,14.5,47.59,,,15
2006,P,16-Aug-06,2006-08-16,228,9.7,183.94,208.86,1221.9,74866,,298,14.48,47.92,,,18.1
2006,P,30-Aug-06,2006-08-30,242,9.7,227.33,250.68,1402.4,74874,,405,14.49,48.09,,,17.6
2006,P,14-Sep-06,2006-09-14,257,8.9,240.4,259.94,1370.3,74877,,262,14.92,48.38,,,19.7
2006,P,28-Sep-06,2006-09-28,271,8.9,266,290,1065,,,13,15.22,49.31,,,575
2006,P,05-Oct-06,2006-10-05,278,8.7,,,,,,,,,,,
2006,P,13-Oct-06,2006-10-13,286,8.8,257,282,1017,,,17,17.6,49.26,,,603
2006,P,26-Oct-06,2006-10-26,299,9.1,205,231,1137,,,10,15.55,49.94,,,433
2006,P,02-Nov-06,2006-11-02,306,9.1,,,,,,,,,,,
2006,P,10-Nov-06,2006-11-10,314,9.3,162,194,1310,,,188,,,,,170
2007,P,08-May-07,2007-05-08,128,8.6,66,92,2210,,,0.2,10.6,46.47,462.14,0.56,1560
2007,P,23-May-07,2007-05-23,143,8.6,60,83,1910,,,0.2,10.85,46.09,466.05,0.14,1220
2007,P,06-Jun-07,2007-06-06,157,8.9,56,76,1570,,,0.2,11.48,46.4,488.9,0.14,852
2007,P,19-Jun-07,2007-06-19,170,8.4,131,152,1850,,,0.2,11.71,47.42,505.42,0.91,1160
2007,P,06-Jul-07,2007-07-06,187,8.8,129,146,1650,,,0.2,11.73,48.23,524.91,1.38,982
2007,P,17-Jul-07,2007-07-17,198,8.9,113,139,1280,,,0.2,12.95,48.44,547.72,0.7,528
2007,P,31-Jul-07,2007-07-31,212,9.1,209,190,1440,,,0.2,13.18,48.26,557.25,1.14,743
2007,P,14-Aug-07,2007-08-14,226,8.7,195,205,1520,,,0.2,12.55,49.42,565.83,2.3,872
2007,P,21-Aug-07,2007-08-21,233,8.7,218,229,1570,,,0.2,12.04,49.8,569.18,2.58,909
2007,P,14-Sep-07,2007-09-14,257,8.9,214,230,1610,,,0.2,12.5,48.96,566.66,2.87,955
2007,P,24-Sep-07,2007-09-24,267,8.9,196,213,1420,,,0.2,12.39,48.98,556.52,1.91,745
2007,P,10-Oct-07,2007-10-10,283,8.9,188,208,1470,,,0.2,12.73,49.1,546.08,2.07,790
2007,P,22-Oct-07,2007-10-22,295,8.9,183,210,1530,,,0.2,13.39,49.29,558.8,1.72,807
2007,P,07-Nov-07,2007-11-07,311,9,144,167,1490,,,402,13.01,47.86,553.47,0.43,183
2008,P,13-May-08,2008-05-13,134,8.3,66,100,3100,,,7,12.98,55.55,,0,1960
2008,P,27-May-08,2008-05-27,148,8.9,83,111,2740,,,7,12.8,55.41,,0,1610
2008,P,10-Jun-08,2008-06-10,162,8.9,46,72.8,2400,,,12,13.79,55.72,,0,1320
2008,P,24-Jun-08,2008-06-24,176,8.5,144,168,2690,,,9,6.46,59.35,,0,1510
2008,P,08-Jul-08,2008-07-08,190,8.6,155,203,2750,,,6,12.78,52.35,,0,1410
2008,P,22-Jul-08,2008-07-22,204,8.7,169,217,2480,,,8,11.74,52.06,,0,1250
2008,P,06-Aug-08,2008-08-06,219,9.1,132,184,1970,,,13,11.67,50.17,,0,922
2008,P,19-Aug-08,2008-08-19,232,9.3,142,197,1910,,,0.2,10.88,50.46,,0,747
2008,P,03-Sep-08,2008-09-03,247,8.9,151,202,1900,,,12,12.08,49.52,,0,743
2008,P,17-Sep-08,2008-09-17,261,8.7,160,212,1740,,,598,10.61,49.62,,0,90
2008,P,31-Oct-08,2008-10-31,305,8.7,157,216,1980,,,485,13.21,49.94,,0,258
2009,P,12-May-09,2009-05-12,132,9.1,23,59,2230,,,0.2,15.06,54.38,,0,1370
2009,P,26-May-09,2009-05-26,146,9.2,16,41,1970,,,2,14.33,52.95,,0,1130
2009,P,09-Jun-09,2009-06-09,160,8.5,46,90,1940,,,0.2,56.18,10.94,,0,1150
2009,P,23-Jun-09,2009-06-23,174,9.1,94,142,2030,,,0.2,13.64,50.12,,0,1280
2009,P,07-Jul-09,2009-07-07,188,8.5,120,180,1980,,,0.2,16.22,50.81,,0,1180
2009,P,21-Jul-09,2009-07-21,202,11.1,94,182,1940,,,4,15.83,51,,0,1130
2009,P,05-Aug-09,2009-08-05,217,9.3,85,138,1550,,,0.2,18.11,51.08,,0,722
2009,P,18-Aug-09,2009-08-18,230,8.7,102,162,1540,,,0.2,15.31,49.83,,0,667
2009,P,01-Sep-09,2009-09-01,244,8.5,71,134,1200,,,11,12.08,51.68,,0,307
2010,P,11-May-10,2010-05-11,131,8.3,38,54,1960,,,0.2,29.51,40.69,,0,1740
2010,P,26-May-10,2010-05-26,146,8.9,11,22,1370,,,2,28.37,37.58,,0,1140
2010,P,08-Jun-10,2010-06-08,159,9.1,19,33,1400,,,5,28.19,36.8,,0,1050
2010,P,22-Jun-10,2010-06-22,173,8.6,64,78,1110,,,3,30.61,36.41,,0,1070
2010,P,06-Jul-10,2010-07-06,187,7.8,61,76,724,,,3,25.9,37.27,,0,720
2010,P,20-Jul-10,2010-07-20,201,9.5,111,135,1060,,,10,28.16,38.3,,0,703
2010,P,04-Aug-10,2010-08-04,216,9.5,91,115,797,,,5,27.18,41.84,,0,357
2010,P,17-Aug-10,2010-08-17,229,8.6,169,154,1580,,,3,36.01,44.7,,0,667
2010,P,31-Aug-10,2010-08-31,243,8.3,117,186,1720,,,0.2,28.48,45.56,,0,705
2010,P,07-Sep-10,2010-09-07,250,8.6,,,,,,,26.81,45.91,,0,
2010,P,28-Sep-10,2010-09-28,271,9.5,,,,,,,34.2,44.91,,0,
2011,P,10-May-11,2011-05-10,130,8.5,101,113,1460,,,0.2,4.38,42.72,,0,1030
2011,P,25-May-11,2011-05-25,145,8.9,196,196,954,,,0.2,14.03,39.49,,0,277
2011,P,07-Jun-11,2011-06-07,158,8.3,200,206,863,,,0.2,5.43,45.51,,0,179
2011,P,21-Jun-11,2011-06-21,172,8.3,288,272,1130,,,0.2,8.68,49.82,,0,392
2011,P,05-Jul-11,2011-07-05,186,8.5,384,371,1140,,,0.2,8.49,50.2,,0,310
2011,P,19-Jul-11,2011-07-19,200,8.9,654,662,1220,,,0.2,13.72,48.5,,0,210
2011,P,03-Aug-11,2011-08-03,215,7.9,546,524,1340,,,0.2,12.15,52.06,,0,412
2011,P,16-Aug-11,2011-08-16,228,8.8,494,479,1400,,,0.2,14.89,55.71,,0,89
2011,P,30-Aug-11,2011-08-30,242,8.5,416,415,1260,,,59,11.74,58.68,,0,225
2011,P,08-Sep-11,2011-09-08,251,8.5,698,416,1386,,,5,14.7,58.67,,0,278
2011,P,22-Sep-11,2011-09-22,265,8.8,510,353,1424,,,134,13.22,59.68,,0,327
2012,P,08-May-12,2012-05-08,129,9.1,28,29,1760,,,0.2,3.39,66.97,,0,948
2012,P,23-May-12,2012-05-23,144,8.7,23,31,1740,,,0.2,2.53,62.49,,0,884
2012,P,05-Jun-12,2012-06-05,157,8.5,47,57,1930,,,0.2,3.53,60.98,,0,868
2012,P,19-Jun-12,2012-06-19,171,8.46,83,91,2080,,,0.2,-0.7,61.33,,0,1260
2012,P,04-Jul-12,2012-07-04,186,8.34,107,108,1870,,,0.2,5.86,60.04,,0,1060
2012,P,17-Jul-12,2012-07-17,199,8.21,157,165,1910,,,0.2,2.44,61.13,,0,985
2012,P,31-Jul-12,2012-07-31,213,8.49,155,177,1610,,,0.2,11.61,60.31,,0,564
2012,P,14-Aug-12,2012-08-14,227,7.48,246,282,1670,,,73,9.64,59.26,,0,430
2012,P,28-Aug-12,2012-08-28,241,,30,44,1320,,,0.2,,,,0,280
2013,P,22-May-13,2013-05-22,142,8.3,160,163,2660,,,0.3,,,,0,1870
2013,P,04-Jun-13,2013-06-04,155,8.94,87,92,1530,,,0.3,,,,0,701
2013,P,18-Jun-13,2013-06-18,169,8.31,130,139,1910,,,3,,,,0,1060
2013,P,03-Jul-13,2013-07-03,184,9.18,173,181,1880,,,0.3,,,,0,1060
2013,P,16-Jul-13,2013-07-16,197,8.88,96,105,1200,,,0.3,,,,0,362
2013,P,30-Jul-13,2013-07-30,211,9.2,165,176,1270,,,8,,,,0,406
2013,P,13-Aug-13,2013-08-13,225,9.2,155,169,1210,,,237,,,,0,21
2013,P,27-Aug-13,2013-08-27,239,9.3,173,188,1910,,,196,,,,0,13
2014,P,13-May-14,2014-05-13,133,8.4,76,90,1860,,,0.3,,,,0,1160
2014,P,27-May-14,2014-05-27,147,7.7,154,187,2410,,,0.3,,,,0,1492
2014,P,24-Jun-14,2014-06-24,175,8.8,111,123,1920,,,0.3,,,,0,1300
2014,P,08-Jul-14,2014-07-08,189,9.3,99,113,1580,,,0.3,,,,0,697
2014,P,22-Jul-14,2014-07-22,203,8.5,252,265,1660,,,0.3,,,,0,699
2014,P,06-Aug-14,2014-08-06,218,8.3,290,299,1550,,,396,,,,0,235
2014,P,19-Aug-14,2014-08-19,231,8.5,353,363,1540,,,259,,,,0,391
1994,R,23-Aug-94,1994-08-23,235,,,,,,,,,,,,
2005,R,07-Jul-05,2005-07-07,188,9,113.8,132.5,883.3,,,122,12.02,48.19,,,37.7
2004,WC,04-May-04,2004-05-04,125,9.37,101.2,126.5,1058.7,,66.48,194.77,13.12,29.85,,,126.54
2004,WC,18-May-04,2004-05-18,139,9.1,168.8,204.3,1536.92,,49.65,538.59,14.56,30.16,,,97.15
2004,WC,31-May-04,2004-05-31,152,8.9,260.7,291.2,1206.33,,440.69,27.99,15.4,32.56,,,741.84
2004,WC,14-Jun-04,2004-06-14,166,8.1,375.1,416.9,1291.84,,1.31,2.03,15.93,,,,950.9
2004,WC,28-Jun-04,2004-06-28,180,8.9,306.1,359.4,1330.19,,2.2,1.73,19.73,,,,486.82
2004,WC,12-Jul-04,2004-07-12,194,8.7,370.7,372,1802.67,,4.88,135.06,19.37,,,,142.28
2004,WC,27-Jul-04,2004-07-27,209,9,292.8,350.8,1525.29,,4.67,98.76,20.81,,,,21.65
2004,WC,09-Aug-04,2004-08-09,222,8.9,383.4,373.8,1711.33,,12.61,410.61,19.78,,,,66.74
2005,WC,02-May-05,2005-05-02,122,8.4,374.5,439.6,1719,,,24.6,19.64,35.86,,,251
2005,WC,16-May-05,2005-05-16,136,8.7,377.6,420.9,1300,,,30.7,18.94,39.09,,,110
2005,WC,27-May-05,2005-05-27,147,8.9,375.1,412.1,1130,,,24.6,17.05,39.87,,,110
2005,WC,13-Jun-05,2005-06-13,164,9.3,331.2,369.9,1091.73,,,56.7,17.13,42.68,,,8.27
2005,WC,27-Jun-05,2005-06-27,178,9.3,309.3,340.8,1032.1,,,109,15.53,39.13,,,17.9
2005,WC,11-Jul-05,2005-07-11,192,9.6,282.4,308.6,1276,,,105,15.52,37.04,,,14
2005,WC,26-Jul-05,2005-07-26,207,9.8,292.3,330.1,1006.6,,,102,17.62,36.53,,,13.4
2005,WC,05-Aug-05,2005-08-05,217,9.8,271.4,310,1003.21,,,52.3,17.85,38.69,,,6.79
2006,WC,01-May-06,2006-05-01,121,9,144.21,180.74,1125,74804,,65.8,18.85,40.36,,,
2006,WC,15-May-06,2006-05-15,135,8.9,152.17,185.55,1137.72,74812,,79,20.6,45.27,,,2.28
2006,WC,29-May-06,2006-05-29,149,9.1,181.13,207.64,1165.4,74819,,65.9,21.51,44.32,,,14.6
2006,WC,09-Jun-06,2006-06-09,160,9.3,164.36,192.85,1135.21,74827,,51.6,20.23,42.67,,,4.79
2006,WC,26-Jun-06,2006-06-26,177,9.9,188.28,208.23,1085.48,74836,,62.2,18.17,36.98,,,4.52
2006,WC,10-Jul-06,2006-07-10,191,10.3,70.39,110.49,1208,74844,,79.8,17.9,31.79,,,22
2006,WC,25-Jul-06,2006-07-25,206,10.3,65,88,925,,,15,16.69,31.27,,,225
2006,WC,08-Aug-06,2006-08-08,220,10,141.44,176.69,1337.4,74860,,221,18.2,33.46,,,12.6
2006,WC,21-Aug-06,2006-08-21,233,10.1,123.03,165.09,1202.5,74868,,41,17.72,33.69,,,77.5
2007,WC,01-May-07,2007-05-01,121,8.6,169,210,1040,,,0.2,,,263.95,4.28,200
2007,WC,14-May-07,2007-05-14,134,8.6,177,200,1080,,,0.2,,,247.47,2.87,284
2007,WC,28-May-07,2007-05-28,148,8.9,144,180,945,,,0.2,,,295.44,2.91,162
2007,WC,11-Jun-07,2007-06-11,162,8.9,150,178,947,,,0.2,,,309.21,2.63,159
2007,WC,25-Jun-07,2007-06-25,176,9.3,97,133,1050,,,0.2,,,309.11,2.86,235
2007,WC,09-Jul-07,2007-07-09,190,9.1,64,93,1030,,,0.2,,,318.7,2.07,238
2007,WC,23-Jul-07,2007-07-23,204,9.3,82,107,1030,,,0.2,,,329.13,2.69,302
2007,WC,07-Aug-07,2007-08-07,219,8.9,132,154,1420,,,0.2,,,326.76,3.07,681
2007,WC,20-Aug-07,2007-08-20,232,9.1,124,139,1450,,,0.2,,,319.06,1.99,812
2008,WC,05-May-08,2008-05-05,126,9,19,43.2,1200,,,11,13.74,40.65,,0,228
2008,WC,20-May-08,2008-05-20,141,8.6,52,80.1,1430,,,5,14.2,42.08,,0,381
2008,WC,02-Jun-08,2008-06-02,154,8.9,8,25.9,1230,,,8,14.12,42.42,,0,184
2008,WC,16-Jun-08,2008-06-16,168,8.9,16,38.5,1320,,,8,16.26,42.18,,0,226
2008,WC,30-Jun-08,2008-06-30,182,9.2,2,16.4,1240,,,9,14.11,38.85,,0,156
2008,WC,14-Jul-08,2008-07-14,196,8.9,91,126,1980,,,12,15.36,38.23,,0,605
2008,WC,28-Jul-08,2008-07-28,210,9.3,113,155,1570,,,25,14.53,33.54,,0,71
2008,WC,11-Aug-08,2008-08-11,224,8.7,163,213,1700,,,10,15.91,35.76,,0,295
2008,WC,25-Aug-08,2008-08-25,238,9.1,160,205,1650,,,10,14.97,35.26,,0,277
2009,WC,04-May-09,2009-05-04,124,8.2,307,418,1770,,,4,18.16,36.94,,0,781
2009,WC,19-May-09,2009-05-19,139,8.5,323,463,1490,,,18,23.23,38.95,,0,434
2009,WC,01-Jun-09,2009-06-01,152,8.7,247,342,1240,,,0.2,20.9,42.53,,0,326
2009,WC,15-Jun-09,2009-06-15,166,9.4,157,254,1070,,,0.2,15.59,45.16,,0,116
2009,WC,29-Jun-09,2009-06-29,180,9.6,290,411,931,,,0.2,19.37,39.04,,0,74
2009,WC,13-Jul-09,2009-07-13,194,10.2,325,427,1030,,,0.2,25.64,43.38,,0,115
2009,WC,27-Jul-09,2009-07-27,208,10.5,364,493,1140,,,0.2,23.74,45.74,,0,202
2009,WC,10-Aug-09,2009-08-10,222,10.1,392,558,945,,,0.2,23.06,46.92,,0,35
2009,WC,24-Aug-09,2009-08-24,236,9.7,328,513,1230,,,0.2,12.47,46.88,,0,45
2010,WC,03-May-10,2010-05-03,123,7.7,450,468,1940,,,7,35.53,35.41,,0,900
2010,WC,17-May-10,2010-05-17,137,8.6,350,377,1330,,,5,35.81,40,,0,353
2010,WC,31-May-10,2010-05-31,151,8.5,285,335,1400,,,12,36.66,42.88,,0,443
2010,WC,14-Jun-10,2010-06-14,165,9.3,172,230,1150,,,7,36.44,43.39,,0,179
2010,WC,28-Jun-10,2010-06-28,179,8.7,327,392,1180,,,8,39.98,37.87,,0,77
2010,WC,12-Jul-10,2010-07-12,193,9.3,432,658,1550,,,5,40.01,46.05,,0,180
2010,WC,26-Jul-10,2010-07-26,207,9.6,615,918,1630,,,57,50.17,52.83,,0,2
2010,WC,09-Aug-10,2010-08-09,221,9.9,719,978,1680,,,49,42.02,54.58,,0,4
2010,WC,23-Aug-10,2010-08-23,235,8.7,643,1040,1610,,,31,54.51,54.19,,0,1
2011,WC,02-May-11,2011-05-02,122,8.1,358,340,1300,,,0.2,8.01,30.43,,0,668
2011,WC,16-May-11,2011-05-16,136,8.2,382,388,1090,,,0.2,9.18,43.15,,0,325
2011,WC,30-May-11,2011-05-30,150,9,446,466,1150,,,0.2,16.38,49.37,,0,259
2011,WC,13-Jun-11,2011-06-13,164,8.8,207,238,1680,,,0.2,16.43,57.38,,0,540
2011,WC,27-Jun-11,2011-06-27,178,8,582,551,1916,,,0.2,16.66,47.56,,0,982
2011,WC,11-Jul-11,2011-07-11,192,9.7,740,702,1742,,,0.2,24.79,68.97,,0,264
2011,WC,25-Jul-11,2011-07-25,206,8.6,635,717,1728,,,0.2,19.73,74.13,,0,118
2011,WC,08-Aug-11,2011-08-08,220,9.8,814,880,1808,,,0.2,26.13,76.42,,0,262
2011,WC,22-Aug-11,2011-08-22,234,8.3,563,586,1448,,,0.2,10.68,44.36,,0,764
2011,WC,07-Sep-11,2011-09-07,250,8.5,533,591,1198,,,0.2,10.73,43.25,,0,96
2011,WC,20-Sep-11,2011-09-20,263,9.3,525,538,1250,,,131,10.64,45.99,,0,60
2012,WC,01-May-12,2012-05-01,122,9.1,23,38,1420,,,0.2,10.23,57.17,,0,342
2012,WC,14-May-12,2012-05-14,135,8.9,128,149,1520,,,4,-1.03,73.19,,0,410
2012,WC,28-May-12,2012-05-28,149,8.7,237,226,3450,,,0.2,6.19,65.04,,0,540
2012,WC,11-Jun-12,2012-06-11,163,8.5,242,264,2950,,,0.2,6.9,59.83,,0,1790
2012,WC,25-Jun-12,2012-06-25,177,8.39,291,294,1780,,,0.2,7.76,64.93,,0,554
2012,WC,09-Jul-12,2012-07-09,191,9.01,521,575,2220,,,0.2,7.32,63.51,,0,1020
2012,WC,23-Jul-12,2012-07-23,205,9.16,441,483,1370,,,29,10.93,61.98,,0,63
2012,WC,07-Aug-12,2012-08-07,220,9.31,536,534,1260,,,32,8.05,60.74,,0,0.1
2012,WC,20-Aug-12,2012-08-20,233,9.02,25,46,1260,,,0.2,31.74,39.06,,0,221
2013,WC,13-May-13,2013-05-13,133,8.34,326,336,1540,,,0.3,,,,0,321
2013,WC,27-May-13,2013-05-27,147,8.34,530,534,1950,,,3,,,,0,718
2013,WC,10-Jun-13,2013-06-10,161,8.4,680,683,1800,,,10,,,,0,561
2013,WC,24-Jun-13,2013-06-24,175,9.04,450,473,1360,,,0.3,,,,0,553
2013,WC,08-Jul-13,2013-07-08,189,9.29,565,577,1520,,,0.3,,,,0,474
2013,WC,22-Jul-13,2013-07-22,203,8.8,511,532,1430,,,0.3,,,,0,238
2013,WC,06-Aug-13,2013-08-06,218,9.2,499,516,1100,,,19,,,,0,0.1
2013,WC,19-Aug-13,2013-08-19,231,9,569,584,1170,,,21,,,,0,0.1
2014,WC,05-May-14,2014-05-05,125,8.5,278,290,1340,,,0.3,,,,0,286
2014,WC,20-May-14,2014-05-20,140,8.6,251,264,1240,,,5,,,,0,70
2014,WC,02-Jun-14,2014-06-02,153,8.4,261,279,1350,,,0.3,,,,0,182
2014,WC,16-Jun-14,2014-06-16,167,7.6,333,346,1760,,,0.3,,,,0,677
2014,WC,30-Jun-14,2014-06-30,181,8.8,444,472,2280,,,0.3,,,,0,1197
2014,WC,14-Jul-14,2014-07-14,195,8.1,829,844,2290,,,113,,,,0,547
2014,WC,28-Jul-14,2014-07-28,209,8.5,923,939,2460,,,56,,,,0,298
2014,WC,11-Aug-14,2014-08-11,223,8.7,886,896,1920,,,0.3,,,,0,26
1996,WW,04-May-96,1996-05-04,125,7.7,457,,,,,24,12.87,,,,29.42
1996,WW,21-May-96,1996-05-21,142,7.8,73,,,,,595,,,,,64
1996,WW,04-Jun-96,1996-06-04,156,8.3,114,,,,,24,5.75,,,,22
1996,WW,14-Jun-96,1996-06-14,166,8.3,184,,,,,78,10.64,,,,32
1996,WW,28-Jun-96,1996-06-28,180,8.83,108,,,,,94,10.07,,,,97
1996,WW,08-Jul-96,1996-07-08,190,8.7,162,,,,,39,8.43,,,,1115
1996,WW,31-Jul-96,1996-07-31,213,9.15,19,,,,,36,13.51,,,,11
1996,WW,16-Aug-96,1996-08-16,229,9.9,16,,,,,18,14.92,,,,11
1997,WW,12-May-97,1997-05-12,132,9.5,209,,,,,56,34.3,,,,8
1997,WW,28-May-97,1997-05-28,148,7.88,129,,,,,32,15.75,,,,2
1997,WW,11-Jun-97,1997-06-11,162,8.98,249,,,,,115,9.61,,,,75
1997,WW,23-Jun-97,1997-06-23,174,9.2,169,,,,,20,12.32,,,,35
1997,WW,09-Jul-97,1997-07-09,190,9.19,63,,,,,80,10.72,,,,20
1997,WW,25-Jul-97,1997-07-25,206,8.2,54,,,,,68,16.65,,,,3
1997,WW,06-Aug-97,1997-08-06,218,9.5,10,,,,,36,11.79,,,,6
1997,WW,23-Aug-97,1997-08-23,235,9.05,10,,,,,48,11.8,,,,6
1997,WW,06-Sep-97,1997-09-06,249,,10,,,,,8,12.38,,,,4
1998,WW,04-May-98,1998-05-04,124,8.8,132,370,2950,,,645,14.94,35.03,,,20
1998,WW,20-May-98,1998-05-20,140,8.3,264,410,2484,,,1155,16.1,38.21,,,50
1998,WW,03-Jun-98,1998-06-03,154,9,341,515,2650,,,1215,15.51,39.25,,,100
1998,WW,18-Jun-98,1998-06-18,169,9.9,396,535,1250,,,156,16.64,34.75,,,150
1998,WW,03-Jul-98,1998-07-03,184,9.8,209,390,950,,,150,13.37,27.78,,,100
1998,WW,20-Jul-98,1998-07-20,201,9.9,165,405,600,,,72,10.75,15.22,,,5
1998,WW,05-Aug-98,1998-08-05,217,10.3,176,360,800,,,168,10.21,17.75,,,10
1998,WW,26-Aug-98,1998-08-26,238,10.4,28,125,1500,,,9,12.5,13.69,,,10
1998,WW,26-Sep-98,1998-09-26,269,,,,,,,,,,,,
1999,WW,02-May-99,1999-05-02,122,8,340,,1010,,,195,14.8,34.21,,,49
1999,WW,13-May-99,1999-05-13,133,9.8,230,,900,,,32,12.53,32.74,,,14
1999,WW,31-May-99,1999-05-31,151,8.35,60,,1575,,,75,13.39,36.6,,,21
1999,WW,15-Jun-99,1999-06-15,166,7.9,70,,1690,,,833,14.82,52.13,,,70
1999,WW,07-Jul-99,1999-07-07,188,9.6,60,,1460,,,4,14.18,37.73,,,14
1999,WW,20-Jul-99,1999-07-20,201,10.1,90,,1310,,,162,17.05,35.32,,,21
1999,WW,02-Aug-99,1999-08-02,214,10,40,,675,,,75,17.44,29.79,,,14
1999,WW,16-Aug-99,1999-08-16,228,8.3,50,,790,,,72,18.83,34.23,,,56
1999,WW,25-Sep-99,1999-09-25,268,9,10,,,,,2,17.85,29.55,,,7
2000,WW,01-May-00,2000-05-01,122,8.4,34,,,,,0,12.65,56.53,,,19
2000,WW,16-May-00,2000-05-16,137,8,,,,,,0,10.03,64.55,,,22
2000,WW,02-Jun-00,2000-06-02,154,8.16,56,,,,,17,11.22,54.24,,,22
2000,WW,19-Jun-00,2000-06-19,171,8.41,80,,,,,0,10.63,41.54,,,21
2000,WW,04-Jul-00,2000-07-04,186,8.52,196,,,,,4,13.35,33.92,,,22
2000,WW,17-Jul-00,2000-07-17,199,8.69,388,,,,,34,16.5,41.13,,,20
2000,WW,31-Jul-00,2000-07-31,213,,954,,,,,18,18.1,43.47,,,27
2000,WW,15-Aug-00,2000-08-15,228,,509,,,,,12,17.17,56.26,,,26
2000,WW,30-Aug-00,2000-08-30,243,,652,,,,,58,20.44,69.83,,,38
2001,WW,02-May-01,2001-05-02,122,8.19,,,,21,,,13.86,35.17,,,
2001,WW,11-May-01,2001-05-11,131,8.65,,206.9,859.6,22,,6.2,11.87,29.48,,,33.7
2001,WW,25-May-01,2001-05-25,145,8.73,,170.5,929.6,5,,11.1,19.65,57.63,,,279.8
2001,WW,11-Jun-01,2001-06-11,162,8.7,,304.9,977.5,32,,205.3,17.44,65.24,,,9.5
2001,WW,22-Jun-01,2001-06-22,173,9.07,,324,1003.9,23,,8.3,17.7,70.36,,,641
2001,WW,11-Jul-01,2001-07-11,192,,,351.1,875.7,16,,0,18.23,59.08,,,1.7
2001,WW,19-Jul-01,2001-07-19,200,6.66,,1000,1036.6,8,,0,20.1,52.58,,,1.7
2001,WW,01-Aug-01,2001-08-01,213,9.39,,1000,1277.5,35,,17.5,19.12,54.51,,,9.7
2001,WW,16-Aug-01,2001-08-16,228,10.1,,1000,1280,18,,4.9,19.31,59.28,,,1.7
2001,WW,29-Aug-01,2001-08-29,241,10.12,,1000,1300,26,,4.9,21.92,60.47,,,1.7
2002,WW,03-May-02,2002-05-03,123,10.4,,255,1561.2,38,,279,22.57,,,,29
2002,WW,17-May-02,2002-05-17,137,8.62,,113,1280,32,,11,26.36,,,,74
2002,WW,03-Jun-02,2002-06-03,154,8.28,,289,1321.9,37,,9,16.79,,,,95
2002,WW,17-Jun-02,2002-06-17,168,8.62,,159,6400,24,,50,17.12,,,,24
2002,WW,02-Jul-02,2002-07-02,183,9.81,,282,1242.1,23,,33,15.54,,,,306
2002,WW,22-Jul-02,2002-07-22,203,10,,275,1450,27,,199,19.53,,,,25
2002,WW,06-Aug-02,2002-08-06,218,8,,311,1344,10,,112,19.52,,,,19
2002,WW,19-Aug-02,2002-08-19,231,9.46,,286,1280,45,,78,17.12,,,,18
2003,WW,06-May-03,2003-05-06,126,8.17,,126,973.6,,,18,23.23,45.9,282.95,,24
2003,WW,16-May-03,2003-05-16,136,8.15,,109,1090.5,,,0,19.53,47.71,303.26,,0
2003,WW,02-Jun-03,2003-06-02,153,8.28,,248,991,,,0,14.45,51.74,353.59,,262
2003,WW,20-Jun-03,2003-06-20,171,8.83,,254,1065.8,,,0,14.5,51.67,389.81,,160
2003,WW,30-Jun-03,2003-06-30,181,9.48,,233,1061.1,,,0,14.88,43.83,399.92,,0
2003,WW,14-Jul-03,2003-07-14,195,10,,338,1206.3,,,0,14.97,44.65,404.47,,74
2003,WW,29-Jul-03,2003-07-29,210,10.14,,345,1796,,,0,16.77,0,430.95,,39
2003,WW,11-Aug-03,2003-08-11,223,10.52,,103,1696.9,,,0,19.42,24.51,441.38,,135
2003,WW,27-Aug-03,2003-08-27,239,10.27,,139,2477.7,,,0,22.48,28.6,478.05,,141
2004,WW,04-May-04,2004-05-04,125,9.43,90.5,112,732.62,,1.16,10.82,12.31,29.4,,,475.76
2004,WW,18-May-04,2004-05-18,139,9.1,162.7,199.5,955.2,,1.05,7.22,15.67,29.99,,,625.81
2004,WW,31-May-04,2004-05-31,152,8.7,249,269.8,857.72,,1.02,13.86,15.56,30.58,,,1071.16
2004,WW,14-Jun-04,2004-06-14,166,8.3,372.7,406.7,1298.87,,2.19,4.4,16.09,,,,814.46
2004,WW,28-Jun-04,2004-06-28,180,8.6,330.1,348,1531.05,,1.44,2.37,20.55,,,,287.5
2004,WW,12-Jul-04,2004-07-12,194,8.9,340.8,351.2,1766.61,,3.97,441.15,19.5,,,,106.4
2004,WW,27-Jul-04,2004-07-27,209,9.1,296.1,344.7,1527.33,,9.02,138.49,20.9,,,,16.96
2004,WW,09-Aug-04,2004-08-09,222,9.1,358.7,374,1789.84,,1.64,333.88,19.36,,,,91.65
2005,WW,02-May-05,2005-05-02,122,8.4,396.1,453.2,1723,,,22.9,21.41,34.56,,,367
2005,WW,16-May-05,2005-05-16,136,8.6,380.2,432.4,1177,,,20.5,19.89,36.76,,,313
2005,WW,27-May-05,2005-05-27,147,9.1,373.4,399,1134.5,,,17.8,17.45,35.22,,,85.5
2005,WW,13-Jun-05,2005-06-13,164,9.3,290.2,310.2,1014.1,,,81.2,14.82,36.8,,,15.9
2005,WW,27-Jun-05,2005-06-27,178,9.2,308.1,339.4,1139,,,105,16.69,38.98,,,21
2005,WW,11-Jul-05,2005-07-11,192,9.7,263.3,286,977.3,,,77.4,16.26,35.49,,,10.7
2005,WW,26-Jul-05,2005-07-26,207,9.7,288.4,314.8,1010,,,81.6,16.88,36.88,,,19.7
2005,WW,05-Aug-05,2005-08-05,217,9.8,268.5,308,1100.38,,,77,18.77,37.41,,,9.62
2006,WW,01-May-06,2006-05-01,121,8.9,142.95,174.78,1127.47,74803,,69.3,17.92,39.67,,,2.53
2006,WW,15-May-06,2006-05-15,135,9.1,156.71,191.76,1148.02,74811,,42.5,19.29,43.74,,,1.98
2006,WW,29-May-06,2006-05-29,149,9.1,174.87,201.14,1165,74820,,52.6,18.09,43.92,,,
2006,WW,09-Jun-06,2006-06-09,160,9.4,161.16,187.71,1132.86,74828,,44.7,18.96,42.33,,,7.14
2006,WW,26-Jun-06,2006-06-26,177,9.9,158.75,164.35,1106.7,74837,,70.4,16.3,35.69,,,13.3
2006,WW,10-Jul-06,2006-07-10,191,10.3,67.92,107.49,1146.18,74845,,49.4,15.7,29.59,,,3.82
2006,WW,25-Jul-06,2006-07-25,206,10.3,33.69,63.64,1155.08,74852,,44,13.9,29.21,,,4.92
2006,WW,08-Aug-06,2006-08-08,220,10,155.03,187.6,1313,74861,,186,16.04,32.57,,,17
2006,WW,21-Aug-06,2006-08-21,233,10.2,106.59,150.11,1308.6,74869,,49.6,16.3,33.52,,,11.4
2007,WW,01-May-07,2007-05-01,121,8.9,167,195,1080,,,0.2,,,263.71,4.27,104
2007,WW,14-May-07,2007-05-14,134,8.5,181,202,1110,,,0.2,17.23,35.97,282.03,2.86,320
2007,WW,28-May-07,2007-05-28,148,8.8,139,160,1010,,,0.2,16.44,37.22,295.78,2.86,211
2007,WW,11-Jun-07,2007-06-11,162,8.9,140,164,953,,,0.2,,,304.84,3.12,163
2007,WW,25-Jun-07,2007-06-25,176,9.3,110,145,1100,,,0.2,15.54,37.66,318.27,2.86,285
2007,WW,09-Jul-07,2007-07-09,190,9.2,72,98,973,,,0.2,15.47,34.92,317.53,2.01,194
2007,WW,23-Jul-07,2007-07-23,204,9.4,55,73,962,,,0.2,,,314.49,2.71,246
2007,WW,07-Aug-07,2007-08-07,219,9,115,147,1380,,,0.2,14.43,32.43,317.38,3.08,581
2007,WW,20-Aug-07,2007-08-20,232,9,136,156,1550,,,0.2,15.98,33.54,330.74,2.08,806
2008,WW,05-May-08,2008-05-05,126,8.9,48,81.2,1650,,,11,15.45,39.84,,0,466
2008,WW,20-May-08,2008-05-20,141,8.7,16,52.8,1490,,,6,15.14,41.52,,0,285
2008,WW,02-Jun-08,2008-06-02,154,8.9,22,49.5,1620,,,9,13.6,42.12,,0,273
2008,WW,16-Jun-08,2008-06-16,168,8.9,7,34.1,1210,,,10,15.8,43.85,,0,112
2008,WW,30-Jun-08,2008-06-30,182,9.2,10,32.9,1460,,,14,13.71,38.11,,0,234
2008,WW,14-Jul-08,2008-07-14,196,8.9,69,95.6,1960,,,14,13.98,37.46,,0,432
2008,WW,28-Jul-08,2008-07-28,210,9.3,85,120,1460,,,16,13.81,34.35,,0,51
2008,WW,11-Aug-08,2008-08-11,224,8.7,170,222,1650,,,10,15.71,35.66,,0,271
2008,WW,25-Aug-08,2008-08-25,238,9.1,180,242,1630,,,0.2,15.13,35.58,,0,245
2009,WW,04-May-09,2009-05-04,124,7.8,302,481,2540,,,0.2,19.5,36.14,,0,1480
2009,WW,19-May-09,2009-05-19,139,7.1,308,451,1380,,,4,21.13,41.54,,0,454
2009,WW,01-Jun-09,2009-06-01,152,8.4,226,361,1290,,,43,21.52,42.39,,0,241
2009,WW,15-Jun-09,2009-06-15,166,9.2,157,272,1070,,,0.2,20.07,44.19,,0,266
2009,WW,29-Jun-09,2009-06-29,180,9.1,228,421,1020,,,0.2,18.7,46.93,,0,167
2009,WW,13-Jul-09,2009-07-13,194,10.1,261,418,912,,,0.2,25.03,43.14,,0,67
2009,WW,27-Jul-09,2009-07-27,208,9.8,325,442,924,,,0.2,23.06,45.14,,0,38
2009,WW,10-Aug-09,2009-08-10,222,10.3,388,546,959,,,0.2,19.12,51.1,,0,5
2009,WW,24-Aug-09,2009-08-24,236,9.7,353,492,1180,,,0.2,15.15,46.44,,0,51
2010,WW,03-May-10,2010-05-03,123,8.6,410,476,1950,,,7,35.28,35.28,,0,947
2010,WW,17-May-10,2010-05-17,137,8.7,321,363,1250,,,4,34.71,39.54,,0,284
2010,WW,31-May-10,2010-05-31,151,8.4,281,351,1480,,,5,35.17,42.78,,0,489
2010,WW,14-Jun-10,2010-06-14,165,9.3,199,259,1510,,,3,36.82,43.2,,0,473
2010,WW,28-Jun-10,2010-06-28,179,8.6,341,386,1340,,,10,39.69,37.54,,0,68
2010,WW,12-Jul-10,2010-07-12,193,9.4,515,652,1470,,,12,38.71,45.5,,0,95
2010,WW,26-Jul-10,2010-07-26,207,9.6,671,899,1840,,,41,47.79,53.31,,0,104
2010,WW,09-Aug-10,2010-08-09,221,9.9,704,975,1790,,,51,42.57,54.68,,0,11
2010,WW,23-Aug-10,2010-08-23,235,8.8,614,1020,1650,,,29,53.37,53.53,,0,81
2011,WW,02-May-11,2011-05-02,122,8.3,286,301,1366,,,2,12.74,29.99,,0,829
2011,WW,16-May-11,2011-05-16,136,8.4,313,350,1230,,,0.2,12.83,41.02,,0,474
2011,WW,30-May-11,2011-05-30,150,9.1,472,469,1278,,,0.2,16.8,47.89,,0,450
2011,WW,13-Jun-11,2011-06-13,164,8.7,257,256,1822,,,0.2,19.85,57.58,,0,1090
2011,WW,27-Jun-11,2011-06-27,178,8.1,651,596,2140,,,2,14.16,48.38,,0,2110
2011,WW,11-Jul-11,2011-07-11,192,9.4,595,638,1940,,,2,26.69,67.13,,0,677
2011,WW,25-Jul-11,2011-07-25,206,9,845,677,1744,,,0.2,21.28,74.77,,0,223
2011,WW,08-Aug-11,2011-08-08,220,9.7,788,857,1810,,,0.2,21.58,77.35,,0,393
2011,WW,22-Aug-11,2011-08-22,234,8.4,592,617,1488,,,0.2,13.74,46.25,,0,917
2011,WW,07-Sep-11,2011-09-07,250,8.7,553,607,1284,,,0.2,10.22,45.64,,0,177
2011,WW,20-Sep-11,2011-09-20,263,9.4,463,537,1174,,,71,13.41,45.14,,0,36
2012,WW,01-May-12,2012-05-01,122,9.1,37,54,1570,,,3,18.02,55.98,,0,467
2012,WW,14-May-12,2012-05-14,135,9,140,150,1600,,,0.2,15.74,65.81,,0,426
2012,WW,28-May-12,2012-05-28,149,8.7,216,222,3750,,,0.2,4.76,67.4,,0,2428
2012,WW,11-Jun-12,2012-06-11,163,8.5,254,259,3000,,,0.2,7.15,62.39,,0,1730
2012,WW,25-Jun-12,2012-06-25,177,8.39,287,285,1700,,,0.2,9.84,63.36,,0,540
2012,WW,09-Jul-12,2012-07-09,191,8.97,574,582,2260,,,0.2,13.11,57.59,,0,1050
2012,WW,23-Jul-12,2012-07-23,205,9.52,477,462,1690,,,0.2,23.51,60.96,,0,523
2012,WW,07-Aug-12,2012-08-07,220,8.78,524,532,1290,,,29,22.37,62.91,,0,14
2012,WW,20-Aug-12,2012-08-20,233,9.48,2020,2150,2620,,,0.2,12.4,57.13,,0,300
2013,WW,13-May-13,2013-05-13,133,9.4,306,318,1310,,,0.3,,,,0,287
2013,WW,27-May-13,2013-05-27,147,8.32,465,468,1470,,,0.3,,,,0,260
2013,WW,10-Jun-13,2013-06-10,161,8.42,577,588,1650,,,0.3,,,,0,428
2013,WW,24-Jun-13,2013-06-24,175,9.07,432,450,1420,,,0.3,,,,0,320
2013,WW,08-Jul-13,2013-07-08,189,9.35,526,539,1420,,,0.3,,,,0,356
2013,WW,22-Jul-13,2013-07-22,203,8.8,539,551,1480,,,18,,,,0,258
2013,WW,06-Aug-13,2013-08-06,218,9.2,487,493,1180,,,32,,,,0,0.1
2013,WW,19-Aug-13,2013-08-19,231,9,564,573,1270,,,35,,,,0,0.1
2014,WW,05-May-14,2014-05-05,125,8.5,265,278,1240,,,0.3,,,,0,126
2014,WW,20-May-14,2014-05-20,140,8,243,253,1190,,,0.3,,,,0,73
2014,WW,02-Jun-14,2014-06-02,153,8.4,277,303,1470,,,0.3,,,,0,286
2014,WW,16-Jun-14,2014-06-16,167,8.2,327,338,1780,,,0.3,,,,0,866
2014,WW,30-Jun-14,2014-06-30,181,8.7,440,466,2330,,,0.3,,,,0,1321
2014,WW,14-Jul-14,2014-07-14,195,8,831,842,2420,,,9,,,,0,660
2014,WW,28-Jul-14,2014-07-28,209,8.5,918,928,2230,,,73,,,,0,171
2014,WW,11-Aug-14,2014-08-11,223,8.7,865,872,1820,,,33,,,,0,13
