YEAR,LAKE,Date,DOY,ProdAssayO2Start_ppm,Hours_incubation
1994,B,04-07-1994,185,,
1994,B,18-07-1994,199,,
1994,B,28-07-1994,209,,
1994,B,18-08-1994,230,,
1995,B,04-05-1995,124,,
1995,B,16-05-1995,136,,
1995,B,26-05-1995,146,,
1995,B,09-06-1995,160,,
1995,B,23-06-1995,174,,
1995,B,11-07-1995,192,,
1995,B,21-07-1995,202,,
1995,B,02-08-1995,214,,
1995,B,24-08-1995,236,,
1996,B,08-05-1996,129,,
1996,B,22-05-1996,143,,
1996,B,06-06-1996,158,,
1996,B,18-06-1996,170,4.2,24
1996,B,03-07-1996,185,4.4,24
1996,B,19-07-1996,201,4.7,24
1996,B,02-08-1996,215,4.4,24
1996,B,19-08-1996,232,4,23.5
1997,B,08-05-1997,128,14.2,24
1997,B,26-05-1997,146,8,24
1997,B,09-06-1997,160,9.1,24
1997,B,25-06-1997,176,5.2,48
1997,B,08-07-1997,189,6,24
1997,B,24-07-1997,205,7.8,24
1997,B,05-08-1997,217,7.7,24
1997,B,21-08-1997,233,,
1998,B,15-05-1998,135,6.2333333333,24
1998,B,01-06-1998,152,6.1333333333,24
1998,B,15-06-1998,166,6.9166666667,24
1998,B,30-06-1998,181,11.0666666667,48
1998,B,15-07-1998,196,9.7666666667,48
1998,B,31-07-1998,212,4.4,48
1998,B,21-08-1998,233,6.5,96
1998,B,22-09-1998,265,4.4333333333,24
1999,B,05-05-1999,125,,
1999,B,17-05-1999,137,9.2,25.5
1999,B,30-05-1999,150,10.1,24
1999,B,14-06-1999,165,9.5,24
1999,B,04-07-1999,185,9,24
1999,B,13-07-1999,194,8.3,25
1999,B,06-08-1999,218,8.6,43.5
1999,B,20-08-1999,232,8.6,25
1999,B,28-08-1999,240,10.1,49.5
2000,B,07-05-2000,128,9.2,24
2000,B,19-05-2000,140,9.2,25.5
2000,B,05-06-2000,157,8.2,49
2000,B,20-06-2000,172,8.4,23
2000,B,07-07-2000,189,7.7,22
2000,B,24-07-2000,206,8.1,26
2000,B,08-08-2000,221,7.7,25
2000,B,22-08-2000,235,8.1,25
2001,B,04-05-2001,124,10,24
2001,B,16-05-2001,136,9.8,24.5
2001,B,06-06-2001,157,10.9,25
2001,B,15-06-2001,166,,24
2001,B,25-06-2001,176,10.2,40.75
2001,B,13-07-2001,194,8.6,20
2001,B,27-07-2001,208,8.6,24
2001,B,09-08-2001,221,8.6,22
2001,B,28-08-2001,240,9.4,23
2002,B,08-05-2002,128,11,24
2002,B,23-05-2002,143,6,23.75
2002,B,05-06-2002,156,10.4,23
2002,B,20-06-2002,171,9.1,22
2002,B,03-07-2002,184,8.8,26.15
2002,B,22-07-2002,203,6.5,24.45
2002,B,06-08-2002,218,7.2,22.75
2002,B,19-08-2002,231,9.4,26
2003,B,06-05-2003,126,9.67,23
2003,B,21-05-2003,141,9.8,24
2003,B,04-06-2003,155,9,24
2003,B,20-06-2003,171,7.17,24
2003,B,27-06-2003,178,8.43,24
2003,B,14-07-2003,195,7.66,24.5
2003,B,29-07-2003,210,7.76,24
2003,B,13-08-2003,225,7.43,27.25
2003,B,20-08-2003,232,7.66,24
2004,B,07-05-2004,128,9.08,23.7
2004,B,26-05-2004,147,10.38,21
2004,B,04-06-2004,156,9.41,24
2004,B,16-06-2004,168,8.46,24
2004,B,28-06-2004,180,11.29,23.8
2004,B,12-07-2004,194,8.32,23.3
2004,B,29-07-2004,211,8.13,22.2
2004,B,11-08-2004,224,7.91,25.8
2005,B,10-05-2005,130,9.84,23.5
2005,B,20-05-2005,140,8.18,29
2005,B,03-06-2005,154,8.98,25
2005,B,17-06-2005,168,6.12,24.25
2005,B,30-06-2005,181,6.66,21.75
2005,B,15-07-2005,196,6.9,21
2005,B,29-07-2005,210,7.18,25.25
2005,B,11-08-2005,223,7.56,23.5
2006,B,08-05-2006,128,8.21,22
2006,B,23-05-2006,143,8.02,24
2006,B,05-06-2006,156,7.73,22.75
2006,B,19-06-2006,170,6.86,24.15
2006,B,04-07-2006,185,7.65,24.5
2006,B,17-07-2006,198,7.06,24.5
2006,B,31-07-2006,212,4.28,24.75
2006,B,11-08-2006,223,4.69,25
2006,B,28-08-2006,240,7.19,23.5
2007,B,07-05-2007,127,9.82,22.5
2007,B,22-05-2007,142,7.98,25.25
2007,B,04-06-2007,155,8.05,25
2007,B,19-06-2007,170,8.04,23.5
2007,B,03-07-2007,184,6.9,23.6
2007,B,16-07-2007,197,7.01,24.5
2007,B,30-07-2007,211,7.07,23.5
2007,B,13-08-2007,225,6.26,24
2007,B,22-08-2007,234,8.13,23
2008,B,12-05-2008,133,9.85,24
2008,B,26-05-2008,147,7.81,24.35
2008,B,09-06-2008,161,10.19,24
2008,B,23-06-2008,175,6.71,24
2008,B,07-07-2008,189,12.3,23
2008,B,21-07-2008,203,12.1,26
2008,B,05-08-2008,218,6.82,24
2008,B,18-08-2008,231,6.96,24
2008,B,02-09-2008,246,8.42,54
1994,C,05-07-1994,186,,
1994,C,22-07-1994,203,,
1994,C,03-08-1994,215,,
1994,C,23-08-1994,235,,
1995,C,15-05-1995,135,,
1995,C,19-05-1995,139,,
1995,C,29-05-1995,149,,
1995,C,08-06-1995,159,,
1995,C,21-06-1995,172,,
1995,C,13-07-1995,194,,
1995,C,26-07-1995,207,,
1995,C,15-08-1995,227,,
1995,C,31-08-1995,243,,
1996,C,17-05-1996,138,,
1996,C,31-05-1996,152,,
1996,C,13-06-1996,165,,
1996,C,27-06-1996,179,4.9,22.5
1996,C,15-07-1996,197,4.8,24
1998,K,17-06-1998,168,5.4,24
1998,K,02-07-1998,183,9.4666666667,24
1998,K,22-07-1998,203,9.0333333333,24
1998,K,04-08-1998,216,,
1998,K,02-09-1998,245,4.5333333333,48
1999,K,11-05-1999,131,9.3333333333,24
1999,K,24-05-1999,144,10.1,24
1999,K,09-06-1999,160,11,23.5
1999,K,22-06-1999,173,8.8,24
1999,K,12-07-1999,193,9.6,23.5
1999,K,25-07-1999,206,9.6,24
2003,L,30-05-2003,150,8.95,24.5
2003,L,17-06-2003,168,,
2003,L,02-07-2003,183,7.37,23
2003,L,11-07-2003,192,7.78,24.5
2003,L,28-07-2003,209,8.92,24
2003,L,08-08-2003,220,7.85,25.25
2003,L,22-08-2003,234,7.55,23.5
2004,L,10-05-2004,131,9.73,24
2004,L,25-05-2004,146,9.95,23.8
2007,WW,28-05-2007,148,9.19,25
2007,WW,11-06-2007,162,7.83,25
2007,WW,25-06-2007,176,8.49,25
2007,WW,09-07-2007,190,8.32,25.25
2007,WW,23-07-2007,204,5.18,21.25
2007,WW,07-08-2007,219,,25
2007,WW,20-08-2007,232,7.4,26
2008,WW,05-05-2008,126,6.65,24.25
2008,WW,20-05-2008,141,8.22,23.3
1996,C,26-07-1996,208,4.6,23.5
1996,C,14-08-1996,227,4.4,24.5
1996,C,26-08-1996,239,3.8,24
1997,C,20-05-1997,140,8.7,24
1997,C,06-06-1997,157,8.4,24
1997,C,20-06-1997,171,8.4,24
1997,C,02-07-1997,183,5,24
1997,C,19-07-1997,200,7.4,24
1997,C,01-08-1997,213,8.2,24
1997,C,15-08-1997,227,3.3,24
1997,C,04-09-1997,247,,
1998,C,14-05-1998,134,5.1666666667,24
1998,C,28-05-1998,148,6.1666666667,28
1998,C,12-06-1998,163,6.8666666667,24
1998,C,24-06-1998,175,10.0333333333,22
1998,C,13-07-1998,194,10.0333333333,24
1998,C,29-07-1998,210,9.6,43.8
1998,C,18-08-1998,230,3.5666666667,24
1998,C,23-09-1998,266,4.1333333333,24
1999,C,18-05-1999,138,9.2,47
1999,C,03-06-1999,154,12.8,24.5
1999,C,17-06-1999,168,8.2,25
1999,C,05-07-1999,186,8.6,24.5
1999,C,15-07-1999,196,9.6,25.5
1999,C,26-07-1999,207,8.5,41
1999,C,13-08-1999,225,9.8,40
1999,C,22-08-1999,234,8,24.5
2000,C,05-05-2000,126,7,23
2000,C,19-05-2000,140,9.2,21
2000,C,14-06-2000,166,8.8,24
2000,C,28-06-2000,180,8.2,23
2000,C,14-07-2000,196,7.7,24
2000,C,30-07-2000,212,6.8,71
2000,C,12-08-2000,225,8.6,24.5
2000,C,25-08-2000,238,7.2,22.75
2001,C,16-05-2001,136,,23
2001,C,01-06-2001,152,10.4,26
2001,C,13-06-2001,164,10.7,24
2001,C,26-06-2001,177,10,23.5
2001,C,12-07-2001,193,,23
2001,C,25-07-2001,206,8,24
2001,C,08-08-2001,220,8.8,23
2001,C,22-08-2001,234,9,23
2002,C,13-05-2002,133,6.1,23.45
2002,C,27-05-2002,147,5.4,23.5
2002,C,11-06-2002,162,12.6,23.45
2002,C,21-06-2002,172,8.3,22
2002,C,05-07-2002,186,9.1,23.45
2002,C,23-07-2002,204,7.6,25.5
2002,C,12-08-2002,224,7.8,24
2002,C,28-08-2002,240,6.98,23.5
2003,C,13-05-2003,133,8.8,23
2003,C,26-05-2003,146,8.35,24.5
2003,C,09-06-2003,160,9.22,42
2003,C,24-06-2003,175,7.99,24
2003,C,07-07-2003,188,7.85,25.75
2003,C,16-07-2003,197,7.13,24.25
2003,C,05-08-2003,217,7.09,24
2003,C,18-08-2003,230,6.28,24.5
2004,C,06-05-2004,127,11.54,20.5
2004,C,19-05-2004,140,9.14,20.5
2004,C,02-06-2004,154,9.99,24.3
2004,C,15-06-2004,167,,
2004,C,29-06-2004,181,6.99,23.5
2004,C,13-07-2004,195,7.55,23.2
2004,C,26-07-2004,208,7.81,23
2004,C,10-08-2004,223,8.05,23
2005,C,11-05-2005,131,9.68,23.83
2005,C,24-05-2005,144,10.35,23.45
2005,C,06-06-2005,157,7.98,22.25
2005,C,20-06-2005,171,6.58,23
2005,C,04-07-2005,185,6.19,24
2005,C,18-07-2005,199,6.8,23
2005,C,04-08-2005,216,8.22,23.75
2005,C,15-08-2005,227,7.61,24.25
2006,C,10-05-2006,130,9.64,23.5
2006,C,25-05-2006,145,7.98,23.33
2006,C,06-06-2006,157,6.74,24.25
2006,C,20-06-2006,171,7.46,23.75
2006,C,06-07-2006,187,7.26,24
2006,C,18-07-2006,199,6.49,24
2006,C,01-08-2006,213,7.14,24
2006,C,15-08-2006,227,7.87,24.5
2006,C,29-08-2006,241,7.06,25
2007,C,20-01-2007,20,,
2007,C,20-02-2007,51,,
2007,C,09-05-2007,129,8.34,23.5
2007,C,24-05-2007,144,8.31,22.75
2007,C,07-06-2007,158,8.28,24.5
2007,C,20-06-2007,171,7.67,23.75
2007,C,04-07-2007,185,7.11,23
2007,C,18-07-2007,199,7.22,24
2007,C,01-08-2007,213,,24
2007,C,15-08-2007,227,7.45,25
2007,C,26-08-2007,238,7.05,24
2008,C,14-05-2008,135,7.65,23
2008,C,28-05-2008,149,9.75,24.45
2008,C,11-06-2008,163,8.95,22
2008,C,25-06-2008,177,7.2,24.2
2008,C,09-07-2008,191,11.2,24
2008,C,23-07-2008,205,7.43,22.5
2008,C,07-08-2008,220,6.43,22
2008,C,20-08-2008,233,7.88,22.5
2008,C,04-09-2008,248,5.38,23
1994,D,10-07-1994,191,,
1994,D,19-07-1994,200,,
1994,D,07-08-1994,219,,
1994,D,26-08-1994,238,,
1995,D,10-05-1995,130,,
1995,D,23-05-1995,143,,
1995,D,02-06-1995,153,,
1995,D,14-06-1995,165,,
1995,D,06-07-1995,187,,
1995,D,19-07-1995,200,,
1995,D,04-08-1995,216,,
1995,D,25-08-1995,237,,
1996,D,13-05-1996,134,,
1996,D,27-05-1996,148,,
1996,D,24-06-1996,176,5.2,21
1996,D,02-07-1996,184,4.8,24
1996,D,17-07-1996,199,5.6,24
1996,D,29-07-1996,211,3.9,24
1996,D,15-08-1996,228,4.4,23.5
1996,D,28-08-1996,241,4.1,23.5
1997,D,14-05-1997,134,8.7,24
1997,D,30-05-1997,150,3.2,24
1997,D,13-06-1997,164,7.8,24
1997,D,30-06-1997,181,7,24
1997,D,15-07-1997,196,8,24
1997,D,29-07-1997,210,8,24
1997,D,12-08-1997,224,6.5,24
1997,D,02-09-1997,245,,
1998,D,11-05-1998,131,9.1666666667,24
1998,D,25-05-1998,145,5.1333333333,25
1998,D,08-06-1998,159,7.1333333333,24
1998,D,22-06-1998,173,10.2666666667,24
1998,D,08-07-1998,189,11.3333333333,48
1998,D,24-07-1998,205,8,24
1998,D,14-08-1998,226,4.1666666667,72
1998,D,09-09-1998,252,4.2333333333,24
1999,D,16-05-1999,136,11.2,22
1999,D,01-06-1999,152,13.6,24
1999,D,10-06-1999,161,8.4,48
1999,D,06-07-1999,187,8.8,23.5
1999,D,18-07-1999,199,8.8,23
1999,D,01-08-1999,213,8,22.5
1999,D,18-08-1999,230,8.7,23
1999,D,27-08-1999,239,8.4,23
2000,D,12-05-2000,133,10.8,23
2000,D,31-05-2000,152,9.4,25
2000,D,18-06-2000,170,9.8,20
2000,D,01-07-2000,183,7.2,22.75
2000,D,16-07-2000,198,7,25
2000,D,06-08-2000,219,7.8,95.5
2000,D,17-08-2000,230,,96
2001,D,10-05-2001,130,14,23.5
2001,D,23-05-2001,143,10.85,23
2001,D,08-06-2001,159,9.8,23
2001,D,20-06-2001,171,9.2,23
2001,D,09-07-2001,190,7.8,23.5
2001,D,18-07-2001,199,9,23
2001,D,02-08-2001,214,6.6,22.5
2001,D,15-08-2001,227,7.3,22
2001,D,30-08-2001,242,,
2002,D,14-05-2002,134,5.3,22.45
2002,D,04-06-2002,155,9.8,37.75
2002,D,14-06-2002,165,11.4,23.3
2002,D,26-06-2002,177,7.7,24
2002,D,08-07-2002,189,9,26.75
2002,D,07-08-2002,219,8.1,41
2002,D,20-08-2002,232,7.64,23.5
2002,D,03-09-2002,246,8.12,48.5
2003,D,14-05-2003,134,10.3,23.5
2003,D,28-05-2003,148,7.92,24
2003,D,12-06-2003,163,,
2003,D,25-06-2003,176,7.52,24
2003,D,09-07-2003,190,8.28,24
2003,D,18-07-2003,199,6.6,19
2003,D,06-08-2003,218,7.46,23.5
2003,D,29-08-2003,241,7.53,25
2004,D,14-05-2004,135,7.39,24.3
2004,D,27-05-2004,148,8.83,23.3
2004,D,08-06-2004,160,6.88,22.4
2004,D,22-06-2004,174,9.11,21.8
2004,D,06-07-2004,188,6.98,24
2004,D,23-07-2004,205,5.76,23.3
2004,D,03-08-2004,216,6.37,23.8
2004,D,18-08-2004,231,5.89,24
2005,D,04-05-2005,124,10.55,23.5
2005,D,18-05-2005,138,9.27,22
2005,D,01-06-2005,152,8.33,23
2005,D,15-06-2005,166,11.59,22
2005,D,29-06-2005,180,8.7,23
2005,D,13-07-2005,194,6.7,23.25
2005,D,27-07-2005,208,8.63,24.25
2005,D,10-08-2005,222,7.45,23.25
2006,D,03-05-2006,123,14.35,23
2006,D,19-05-2006,139,7.72,23
2006,D,02-06-2006,153,7.52,19
2006,D,16-06-2006,167,9.75,24
2006,D,30-06-2006,181,7.76,24
2006,D,14-07-2006,195,7.38,23.5
2006,D,28-07-2006,209,9.25,27
2006,D,14-08-2006,226,5.46,24
2006,D,25-08-2006,237,7.33,49
2007,D,07-05-2007,127,9.82,22.5
2007,D,16-05-2007,136,8.7,22.75
2007,D,30-05-2007,150,9.63,22.5
2007,D,13-06-2007,164,8.06,23.5
2007,D,27-06-2007,178,7.79,24.25
2007,D,11-07-2007,192,7.33,24
2007,D,25-07-2007,206,7.28,23.25
2007,D,08-08-2007,220,6.35,23
2007,D,27-08-2007,239,7.87,24
2008,D,06-05-2008,127,8.84,23
2008,D,21-05-2008,142,9.8,24
2008,D,04-06-2008,156,9.92,24
2008,D,18-06-2008,170,7.48,24.5
2008,D,02-07-2008,184,11.85,25
2008,D,16-07-2008,198,9.93,23.5
2008,D,30-07-2008,212,7.32,23
2008,D,13-08-2008,226,7.12,23.5
2008,D,27-08-2008,240,8.21,24
1994,E,19-08-1994,231,,
2005,E,14-07-2005,195,7.41,24
1994,K,24-06-1994,175,,
1994,K,12-07-1994,193,,
1994,K,26-07-1994,207,,
1994,K,17-08-1994,229,,
1995,K,08-05-1995,128,,
1995,K,17-05-1995,137,,
1995,K,31-05-1995,151,,
1995,K,13-06-1995,164,,
1995,K,30-06-1995,181,,
1995,K,15-07-1995,196,,
1995,K,24-07-1995,205,,
1995,K,11-08-1995,223,,
1995,K,28-08-1995,240,,
1996,K,17-05-1996,138,,
1996,K,31-05-1996,152,,
1996,K,12-06-1996,164,,
1996,K,28-06-1996,180,4.8,24
1996,K,12-07-1996,194,6.2,24
1996,K,26-07-1996,208,5.2,24
1996,K,11-08-1996,224,4,23.5
1996,K,23-08-1996,236,3.6,24
1997,K,06-05-1997,126,7.8,24
1997,K,22-05-1997,142,9.6,24
1997,K,02-06-1997,153,11.5,24
1997,K,18-06-1997,169,8.2,24
1997,K,06-07-1997,187,6.8,24
1997,K,21-07-1997,202,13.2,24
1997,K,07-08-1997,219,12.1,24
1997,K,18-08-1997,230,3.4,24
1997,K,29-08-1997,241,,
1998,K,08-05-1998,128,10.1666666667,24
1998,K,21-05-1998,141,8.1666666667,45
1998,K,04-06-1998,155,10.6,24
1999,K,12-08-1999,224,9.4,22.5
1999,K,23-08-1999,235,9.4,23.5
2000,K,15-05-2000,136,10,24
2000,K,29-05-2000,150,9.6,23
2000,K,14-06-2000,166,8.1,24
2000,K,28-06-2000,180,7.2,25
2000,K,10-07-2000,192,7.8,22.5
2000,K,26-07-2000,208,7.5,23
2000,K,11-08-2000,224,7.6,66.5
2000,K,29-08-2000,242,8.3,20.5
2001,K,08-05-2001,128,13,25
2001,K,22-05-2001,142,13.25,24
2001,K,07-06-2001,158,10.3,48
2001,K,18-06-2001,169,9.6,24.5
2001,K,28-06-2001,179,8.59,18
2001,K,17-07-2001,198,11.8,24
2001,K,31-07-2001,212,9.1,24
2001,K,13-08-2001,225,8.8,24
2001,K,26-08-2001,238,9.4,24
2002,K,09-05-2002,129,9.2,24
2002,K,24-05-2002,144,6.2,23.5
2002,K,07-06-2002,158,7.6,23
2002,K,25-06-2002,176,9.3,22.5
2002,K,10-07-2002,191,7.8,24.3
2002,K,24-07-2002,205,7.4,22
2002,K,08-08-2002,220,6.8,43.5
2002,K,23-08-2002,235,4.44,26
2003,K,12-05-2003,132,9.8,26
2003,K,23-05-2003,143,11.95,24
2003,K,06-06-2003,157,8.99,23.5
2003,K,23-06-2003,174,8.05,24
2003,K,04-07-2003,185,8.13,23.5
2009,B,11-05-2009,125,10.97,23.15
2009,B,20-05-2009,140,13.08,24
2009,B,08-06-2009,159,8.41,24.3
2009,B,22-06-2009,173,7.46,23.3
2009,B,06-07-2009,187,7.84,23.5
2009,B,20-07-2009,201,7.81,23.17
2009,B,04-08-2009,216,7.84,25.5
2009,B,17-08-2009,229,8.34,24
2009,B,31-08-2009,243,7.68,27
2009,C,14-05-2009,134,11.47,23.3
2009,C,27-05-2009,147,9.32,23.25
2003,K,15-07-2003,196,6.96,24.25
2003,K,01-08-2003,213,7.68,23
2003,K,15-08-2003,227,6.89,24
2003,K,25-08-2003,237,9.09,24.25
2004,K,17-05-2004,138,10.41,21
2004,K,01-06-2004,153,11.05,23.3
2004,K,11-06-2004,163,8.08,21.5
2004,K,25-06-2004,177,9.21,24.3
2004,K,09-07-2004,191,7.67,25.8
2004,K,20-07-2004,202,7.77,24
2004,K,04-08-2004,217,7.97,23
2004,K,25-08-2004,238,7.86,23.3
2005,K,12-05-2005,132,11.34,24.5
2005,K,26-05-2005,146,9.66,23.45
2005,K,08-06-2005,159,9.35,23.75
2005,K,22-06-2005,173,7.6,24
2005,K,06-07-2005,187,7.15,23.5
2005,K,20-07-2005,201,8.08,24.25
2005,K,03-08-2005,215,8.07,23.75
2005,K,17-08-2005,229,7.57,24
2006,K,05-05-2006,125,8.67,62.4
2006,K,17-05-2006,137,9.25,23.5
2006,K,07-06-2006,158,6.87,23
2006,K,14-06-2006,165,7.5,23.5
2006,K,28-06-2006,179,7.76,23
2006,K,12-07-2006,193,7.86,24
2006,K,26-07-2006,207,9.02,23.75
2006,K,09-08-2006,221,6.55,22.75
2006,K,23-08-2006,235,7.29,23
2006,K,07-09-2006,250,6.65,24.5
2006,K,21-09-2006,264,7.76,24.25
2006,K,05-10-2006,278,7.84,23
2006,K,19-10-2006,292,10.38,22
2006,K,02-11-2006,306,6.17,24
2006,K,17-11-2006,321,,
2007,K,24-01-2007,24,16.9,23.166
2007,K,17-02-2007,48,11.56,23.83
2007,K,04-05-2007,124,10.4,25
2007,K,18-05-2007,138,10.25,29
2007,K,01-06-2007,152,9.38,24.75
2007,K,15-06-2007,166,7.86,22.8
2007,K,29-06-2007,180,7.44,22.5
2007,K,13-07-2007,194,6.81,21.5
2007,K,27-07-2007,208,6.55,24
2007,K,10-08-2007,222,7.19,25
2007,K,23-08-2007,235,7.9,16
2007,K,24-09-2007,267,8.05,21.5
2007,K,10-10-2007,283,9.04,24.5
2007,K,22-10-2007,295,10.3,24
2007,K,07-11-2007,311,10.2,24
2008,K,09-05-2008,130,7.05,24.1
2008,K,23-05-2008,144,9.36,25
2008,K,06-06-2008,158,9.3,24
2008,K,20-06-2008,172,10.91,24.3
2008,K,05-07-2008,187,9.72,24.5
2008,K,18-07-2008,200,6.73,24.1
2008,K,01-08-2008,214,5.85,22
2008,K,15-08-2008,228,6.3,24
2008,K,29-08-2008,242,6.96,24
1994,L,26-06-1994,177,,
1994,L,11-07-1994,192,,
1994,L,29-07-1994,210,,
1994,L,28-08-1994,240,,
1995,L,12-05-1995,132,,
1995,L,25-05-1995,145,,
1995,L,05-06-1995,156,,
1995,L,19-06-1995,170,,
1995,L,04-07-1995,185,,
1995,L,18-07-1995,199,,
1995,L,31-07-1995,212,,
1995,L,22-08-1995,234,,
1996,L,08-05-1996,129,,
1996,L,23-05-1996,144,,
1996,L,03-06-1996,155,,
1996,L,25-06-1996,177,4.7,25
1996,L,09-07-1996,191,6.4,23
1996,L,22-07-1996,204,5.2,24
1996,L,08-08-1996,221,4.8,24.5
1996,L,20-08-1996,233,4.5,24
1997,L,16-05-1997,136,11,24
1997,L,04-06-1997,155,12,24
1997,L,16-06-1997,167,8.8,24
1997,L,04-07-1997,185,5.8,24
1997,L,17-07-1997,198,8.4,24
1997,L,02-08-1997,214,8.9,24
1997,L,12-08-1997,224,6.4,24
1997,L,27-08-1997,239,8.9,24
1998,L,12-05-1998,132,6.6,24
1998,L,27-05-1998,147,7.5,24
1998,L,18-06-1998,169,5.9,24
1998,L,26-06-1998,177,11.3333333333,96
1998,L,10-07-1998,191,9.5666666667,72
1998,L,27-07-1998,208,8.6333333333,24
1998,L,12-08-1998,224,5.3666666667,48
1998,L,30-08-1998,242,,
1999,L,06-05-1999,126,8.2,20.5
1999,L,20-05-1999,140,13.4,48.75
1999,L,07-06-1999,158,14.8,23
1999,L,21-06-1999,172,9,23
1999,L,08-07-1999,189,9.1,24.5
1999,L,21-07-1999,202,9,23
1999,L,11-08-1999,223,10,24
1999,L,27-08-1999,239,9.2,25.5
2000,L,09-05-2000,130,8.8,25
2000,L,25-05-2000,146,9.1,47
2000,L,07-06-2000,159,7.8,23
2000,L,23-06-2000,175,9.3,71
2000,L,05-07-2000,187,7.4,23
2000,L,20-07-2000,202,8.4,24
2000,L,02-08-2000,215,7.8,25.5
2000,L,21-08-2000,234,8.1666666667,24
2001,L,14-05-2001,134,10.7,25
2001,L,30-05-2001,150,11.4,25
2001,L,12-06-2001,163,10,24.5
2001,L,21-06-2001,172,9,24
2001,L,10-07-2001,191,9.7,23
2001,L,26-07-2001,207,8.7,23.5
2001,L,07-08-2001,219,8.2,26
2001,L,20-08-2001,232,8.8,24.5
2002,L,17-05-2002,137,7.8,24.5
2002,L,31-05-2002,151,4.8,24.25
2002,L,12-06-2002,163,12.6,26.3
2002,L,28-06-2002,179,8,26
2002,L,12-07-2002,193,8,25.45
2002,L,25-07-2002,206,7.9,24
2002,L,14-08-2002,226,9.1,24
2002,L,26-08-2002,238,8.1,24
2003,L,20-05-2003,140,11.58,23.5
2014,B,12-05-2014,132,9.8,22
2014,B,26-05-2014,146,7.73,24
2014,B,09-06-2014,160,6.42,23.83
2014,B,23-06-2014,174,6.46,23.92
2014,B,07-07-2014,188,5.82,23.92
2014,B,21-07-2014,202,5.82,24.67
2014,B,05-08-2014,217,5.33,25.33
2014,B,18-08-2014,230,6.2,23.92
2014,C,14-05-2014,134,10.04,22.66
2014,C,28-05-2014,148,7.13,23.66
2004,L,07-06-2004,159,8.33,35
2004,L,21-06-2004,173,7.29,21.8
2004,L,05-07-2004,187,8.37,26.3
2004,L,19-07-2004,201,8.63,24.2
2004,L,30-07-2004,212,7.55,24.4
2004,L,19-08-2004,232,8.6,25.7
2005,L,16-05-2005,136,9.29,24.25
2005,L,30-05-2005,150,9.2,23.75
2005,L,10-06-2005,161,8.31,23.25
2009,C,06-08-2009,218,7.56,22.25
2009,C,19-08-2009,231,8.12,23.5
2009,C,02-09-2009,245,6.46,19
2009,D,06-05-2009,126,13.7,23
2009,D,25-05-2009,145,8.36,23.25
2009,D,03-06-2009,154,8.28,22.25
2009,D,17-06-2009,168,8.29,23.15
2009,D,30-06-2009,181,7.13,24.15
2009,D,15-07-2009,196,8.27,23.45
2009,D,29-07-2009,210,6.54,23.5
2009,D,12-08-2009,224,8.08,23
2009,D,26-08-2009,238,7.78,21.5
2005,L,24-06-2005,175,8.1,23.5
2005,L,08-07-2005,189,7.3,24.5
2005,L,21-07-2005,202,7.96,22.75
2005,L,08-08-2005,220,7.95,24.25
2005,L,19-08-2005,231,8.89,24.5
2006,L,12-05-2006,132,10.49,24.5
2006,L,26-05-2006,146,9.65,24
2006,L,12-06-2006,163,8.67,24
2006,L,23-06-2006,174,7.71,68.8
2006,L,07-07-2006,188,7.33,26.5
2006,L,21-07-2006,202,7.84,23
2006,L,04-08-2006,216,3.69,22.25
2006,L,18-08-2006,230,7.58,26
2006,L,31-08-2006,243,8.31,23
2007,L,11-05-2007,131,9.89,24
2007,L,25-05-2007,145,9.09,24.75
2007,L,08-06-2007,159,8.58,24.5
2009,K,08-05-2009,128,10.38,23.15
2009,K,22-05-2009,142,10.32,24
2009,K,05-06-2009,156,9.3,24.3
2009,K,19-06-2009,170,6.56,24.15
2009,K,03-07-2009,184,7.61,23.9
2009,K,17-07-2009,198,7.9,23.15
2009,K,31-07-2009,212,7.8,24.5
2009,K,14-08-2009,226,7.72,24.25
2009,K,28-08-2009,240,7.3,23
2009,L,15-05-2009,135,13.19,25.3
2009,L,29-05-2009,149,8.52,24.45
2009,L,12-06-2009,163,8.72,24.3
2007,L,22-06-2007,173,7.79,24
2007,L,10-07-2007,191,8.44,24.5
2007,L,20-07-2007,201,7.28,20.5
2007,L,03-08-2007,215,6.6,19
2007,L,17-08-2007,229,7.07,17
2007,L,31-08-2007,243,9.26,23
2008,L,16-05-2008,137,10.25,24.35
2008,L,30-05-2008,151,9.87,23.45
2008,L,13-06-2008,165,8.83,25
2010,WC,03-05-2010,123,19.98,23
2010,WW,03-05-2010,123,19.26,23
2008,L,01-07-2008,183,7.96,25
2008,L,11-07-2008,193,12.03,24.1
2008,L,25-07-2008,207,7.3,25
2008,L,08-08-2008,221,6.37,24.5
2008,L,26-08-2008,239,7.18,24
2008,L,05-09-2008,249,7.82,26
1994,M,16-08-1994,228,,
2005,M,22-07-2005,203,7.54,27.25
2006,M,31-05-2006,151,8.13,23.5
1994,P,19-08-1994,231,,
2000,P,31-08-2000,244,,
2004,P,13-05-2004,134,10.81,20
2004,P,28-05-2004,149,9.27,23.5
2004,P,09-06-2004,161,7.98,36.3
2004,P,24-06-2004,176,5.93,24
2004,P,08-07-2004,190,7.99,22.8
2004,P,22-07-2004,204,8.47,25.2
2004,P,06-08-2004,219,6.9,22.1
2004,P,20-08-2004,233,6.29,22.2
2004,P,01-09-2004,245,7.45,21.3
2009,L,26-06-2009,177,7.81,24.3
2009,L,10-07-2009,191,5.22,23.3
2009,L,24-07-2009,205,8.17,24
2009,L,07-08-2009,219,7.42,24
2009,L,21-08-2009,233,8.36,24.5
2009,L,04-09-2009,247,8.04,19
2009,P,12-05-2009,132,11.59,24
2009,P,26-05-2009,146,10.8,24
2009,P,09-06-2009,160,6.61,24
2009,P,23-06-2009,174,5.3,23.45
2009,P,07-07-2009,188,6.56,24
2009,P,21-07-2009,202,5.83,24
2004,P,17-09-2004,261,7.62,23
2005,P,09-05-2005,129,9.96,23
2005,P,25-05-2005,145,13.78,23
2005,P,08-06-2005,159,9.43,23.75
2005,P,21-06-2005,172,6.22,23.5
2005,P,07-07-2005,188,8.09,20
2005,P,19-07-2005,200,7.13,23.75
2005,P,02-08-2005,214,7.76,22.5
2005,P,16-08-2005,228,7.78,23.5
2005,P,30-08-2005,242,8.18,24
2005,P,13-09-2005,256,9.23,47.25
2005,P,26-09-2005,269,6.75,19.5
2006,P,09-05-2006,129,9.46,23
2006,P,24-05-2006,144,8.76,24.5
2006,P,07-06-2006,158,7.65,23.25
2006,P,21-06-2006,172,8.09,24.25
2006,P,05-07-2006,186,6.69,20
2006,P,18-07-2006,199,6.87,24
2006,P,26-07-2006,207,,
2006,P,02-08-2006,214,3.27,26
2006,P,16-08-2006,228,7.76,24
2006,P,30-08-2006,242,6.43,23.5
2006,P,14-09-2006,257,9.17,25
2006,P,28-09-2006,271,9.3,26
2006,P,05-10-2006,278,,
2006,P,13-10-2006,286,7.08,21
2006,P,26-10-2006,299,9.07,24
2006,P,02-11-2006,306,,
2006,P,10-11-2006,314,,
2007,P,08-05-2007,128,8.47,25
2007,P,23-05-2007,143,10.41,24
2007,P,06-06-2007,157,8.29,24.75
2007,P,19-06-2007,170,7.39,24.75
2007,P,06-07-2007,187,,24
2007,P,17-07-2007,198,6.73,24
2007,P,31-07-2007,212,6.17,24.5
2007,P,14-08-2007,226,7.08,24
2007,P,21-08-2007,233,7.12,23
2007,P,14-09-2007,257,8.09,18
2007,P,24-09-2007,267,8.62,22
2007,P,10-10-2007,283,9.2,25
2007,P,22-10-2007,295,9.42,24
2007,P,07-11-2007,311,10.83,24
2008,P,13-05-2008,134,7.75,24.2
2008,P,27-05-2008,148,8.65,25.45
2008,P,10-06-2008,162,8.16,24
2008,P,24-06-2008,176,8.08,24
2008,P,08-07-2008,190,,
2008,P,22-07-2008,204,3.24,25.5
2008,P,06-08-2008,219,6.49,26
2008,P,19-08-2008,232,7.76,25.75
2008,P,03-09-2008,247,6.53,28
1994,R,23-08-1994,235,,
2005,R,07-07-2005,188,7.48,20
2004,WC,04-05-2004,125,12.37,23.8
2004,WC,18-05-2004,139,8.46,27
2004,WC,31-05-2004,152,10.22,24
2004,WC,14-06-2004,166,9.53,23.3
2004,WC,28-06-2004,180,8.74,24.5
2004,WC,12-07-2004,194,8.91,23.5
2004,WC,27-07-2004,209,8.07,24.8
2004,WC,09-08-2004,222,6.71,27.5
2005,WC,02-05-2005,122,9.86,21.75
2005,WC,16-05-2005,136,5.27,24.5
2005,WC,27-05-2005,147,8.56,24.5
2005,WC,13-06-2005,164,7.45,24
2005,WC,27-06-2005,178,7.08,24
2005,WC,11-07-2005,192,7.9,23.75
2005,WC,26-07-2005,207,7.98,25.25
2005,WC,05-08-2005,217,8.01,24.25
2006,WC,01-05-2006,121,16.41,24
2006,WC,15-05-2006,135,9.07,27
2006,WC,29-05-2006,149,7.62,24
2006,WC,09-06-2006,160,7.98,25
2006,WC,26-06-2006,177,7.61,24.75
2006,WC,10-07-2006,191,7.81,25
2006,WC,25-07-2006,206,9.52,27.5
2006,WC,08-08-2006,220,6.56,43.5
2006,WC,21-08-2006,233,7.91,24.5
2007,WC,01-05-2007,121,11.68,23.5
2007,WC,14-05-2007,134,6.76,24.5
2007,WC,28-05-2007,148,8.72,25
2007,WC,11-06-2007,162,7.82,24.75
2007,WC,25-06-2007,176,8.57,24.5
2007,WC,09-07-2007,190,0.0828,24
2007,WC,23-07-2007,204,4.85,27
2007,WC,07-08-2007,219,,25
2007,WC,20-08-2007,232,7.35,26
2008,WC,05-05-2008,126,7.33,24.25
2008,WC,20-05-2008,141,8.53,23.3
2008,WC,02-06-2008,154,10.38,25
2008,WC,16-06-2008,168,8.46,24
2008,WC,30-06-2008,182,10.95,24
2008,WC,14-07-2008,196,7.44,25.25
2008,WC,28-07-2008,210,6.2,26
2008,WC,11-08-2008,224,5.73,25.25
2008,WC,25-08-2008,238,8.3,24
1996,WW,04-05-1996,125,,
1996,WW,21-05-1996,142,,
1996,WW,04-06-1996,156,,
1996,WW,14-06-1996,166,,
1996,WW,28-06-1996,180,4.6,23.5
1996,WW,08-07-1996,190,5.2,24
1996,WW,31-07-1996,213,5.2,24
1996,WW,16-08-1996,229,3.8,24
1997,WW,12-05-1997,132,9.3,24
1997,WW,28-05-1997,148,7,24
1997,WW,11-06-1997,162,8.2,24
1997,WW,23-06-1997,174,9,24
1997,WW,09-07-1997,190,10.8,24
1997,WW,25-07-1997,206,8.7,24
1997,WW,06-08-1997,218,8.2,48
1997,WW,23-08-1997,235,9.5,24
1997,WW,06-09-1997,249,,
1998,WW,04-05-1998,124,,
1998,WW,20-05-1998,140,2.5333333333,24
1998,WW,03-06-1998,154,9.4666666667,24
1998,WW,18-06-1998,169,9.9666666667,24
1998,WW,03-07-1998,184,8.1333333333,72
1998,WW,20-07-1998,201,8.8333333333,48
1998,WW,05-08-1998,217,,
1998,WW,26-08-1998,238,8.1,48
1998,WW,26-09-1998,269,,
1999,WW,02-05-1999,122,8.6,25
1999,WW,13-05-1999,133,11.4,24
1999,WW,31-05-1999,151,12.6,23
1999,WW,15-06-1999,166,6.6,25
1999,WW,07-07-1999,188,11.1,23
1999,WW,20-07-1999,201,9.6,24
1999,WW,02-08-1999,214,10.6,22.5
1999,WW,16-08-1999,228,10.2,24
1999,WW,25-09-1999,268,,
2000,WW,01-05-2000,122,7.6,26
2000,WW,16-05-2000,137,8.7,28
2000,WW,02-06-2000,154,8.2,24
2000,WW,19-06-2000,171,9.8,24.5
2000,WW,04-07-2000,186,7.8,20
2000,WW,17-07-2000,199,8.4,25
2000,WW,31-07-2000,213,7,26
2000,WW,15-08-2000,228,7.6,23
2009,P,05-08-2009,217,7.4,24.5
2009,P,18-08-2009,230,7.82,24
2009,P,01-09-2009,244,6.6,23
2009,WC,04-05-2009,124,9.13,24
2009,WC,19-05-2009,139,8.58,24
2009,WC,01-06-2009,152,6.71,24.3
2009,WC,15-06-2009,166,8,24.45
2009,WC,29-06-2009,180,7.54,25
2009,WC,13-07-2009,194,8.11,23.3
2009,WC,27-07-2009,208,5.83,24
2009,WC,10-08-2009,222,8.02,28
2009,WC,24-08-2009,236,6.75,28
2000,WW,30-08-2000,243,6.2,
2001,WW,02-05-2001,122,8.3,25
2001,WW,11-05-2001,131,10.6,27.5
2001,WW,25-05-2001,145,10.7,29
2001,WW,11-06-2001,162,10.5,
2001,WW,22-06-2001,173,8.9,23
2001,WW,11-07-2001,192,9.2,23.5
2001,WW,19-07-2001,200,7.6,24.25
2001,WW,01-08-2001,213,7.2,25
2001,WW,16-08-2001,228,,
2001,WW,29-08-2001,241,,
2002,WW,03-05-2002,123,9.8,24
2002,WW,17-05-2002,137,5.1,24.5
2002,WW,03-06-2002,154,4.4,48
2002,WW,17-06-2002,168,12.5,26.25
2002,WW,02-07-2002,183,9.9,26
2002,WW,22-07-2002,203,7.4,24.45
2002,WW,06-08-2002,218,7.8,22.75
2002,WW,19-08-2002,231,9.8,48.5
2003,WW,06-05-2003,126,8.49,23
2003,WW,16-05-2003,136,8.69,25.5
2003,WW,02-06-2003,153,7.23,24.5
2003,WW,20-06-2003,171,7.82,28
2003,WW,30-06-2003,181,9.26,22
2003,WW,14-07-2003,195,8.43,24
2003,WW,29-07-2003,210,4.82,24
2003,WW,11-08-2003,223,6.79,24.25
2003,WW,27-08-2003,239,6.24,24.5
2004,WW,04-05-2004,125,15.07,23.8
2004,WW,18-05-2004,139,8.4,27.3
2004,WW,31-05-2004,152,9.7,24
2004,WW,14-06-2004,166,9.32,23.8
2004,WW,28-06-2004,180,11.85,26.8
2004,WW,12-07-2004,194,8.57,23.2
2004,WW,27-07-2004,209,8.04,24.7
2004,WW,09-08-2004,222,6.83,28
2005,WW,02-05-2005,122,9.37,21.75
2009,WW,04-05-2009,124,8.44,23
2009,WW,19-05-2009,139,9.43,24
2009,WW,01-06-2009,152,6.48,24.3
2009,WW,15-06-2009,166,8.06,24.45
2009,WW,29-06-2009,180,7.38,24
2009,WW,13-07-2009,194,7.83,23.25
2009,WW,27-07-2009,208,7.6,27
2009,WW,10-08-2009,222,8.44,28
2009,WW,24-08-2009,236,7.53,28
2005,WW,16-05-2005,136,6.02,25.5
2005,WW,27-05-2005,147,8.52,24
2005,WW,13-06-2005,164,9.07,24
2005,WW,27-06-2005,178,7.33,24.75
2005,WW,11-07-2005,192,8.64,23.75
2005,WW,26-07-2005,207,8.14,25.25
2005,WW,05-08-2005,217,9.31,24
2006,WW,01-05-2006,121,15.51,24
2006,WW,15-05-2006,135,9.28,27
2006,WW,29-05-2006,149,7.71,24
2006,WW,09-06-2006,160,7.73,25
2006,WW,26-06-2006,177,8.35,24.75
2006,WW,10-07-2006,191,7.94,25
2006,WW,25-07-2006,206,9.23,27.5
2006,WW,08-08-2006,220,6.92,43.5
2006,WW,21-08-2006,233,7.92,24.5
2007,WW,01-05-2007,121,11.08,24
2007,WW,14-05-2007,134,7.09,24.5
2008,WW,02-06-2008,154,10.56,25
2008,WW,16-06-2008,168,8.87,24
2008,WW,30-06-2008,182,10.95,24
2008,WW,14-07-2008,196,7.39,25.25
2008,WW,28-07-2008,210,6.93,26
2008,WW,11-08-2008,224,5.92,25.25
2008,WW,25-08-2008,238,8.8,24
2008,K,17-09-2008,261,6.65,22
2008,K,31-10-2008,305,10.97,23
2008,P,17-09-2008,261,8.05,22
2008,P,31-10-2008,305,11.62,22.45
2010,D,05-05-2010,125,11.37,23.5
2010,K,07-05-2010,127,11.44,25
2010,B,10-05-2010,130,8.34,24.5
2010,P,11-05-2010,131,10.6,24
2010,C,12-05-2010,132,9.62,23.5
2010,L,14-05-2010,134,7.54,24.5
2010,WC,17-05-2010,137,7.38,24.5
2010,WW,17-05-2010,137,7.17,24.5
2010,D,19-05-2010,139,8.14,22.5
2010,K,21-05-2010,141,9.8,24
2010,B,25-05-2010,145,9.11,21
2010,P,26-05-2010,146,8.81,24
2010,C,27-05-2010,147,8.93,23
2010,L,28-05-2010,148,9.63,25.5
2010,WC,31-05-2010,151,8.08,24.5
2010,WW,31-05-2010,151,8.52,24.5
2010,D,02-06-2010,153,8.6,24
2010,K,04-06-2010,155,8.87,25
2010,B,07-06-2010,158,7.77,24
2010,P,08-06-2010,159,8.08,24.5
2010,C,09-06-2010,160,8.24,22
2010,L,11-06-2010,162,9.61,24
2012,B,04-06-2012,156,7.99,24
2012,B,18-06-2012,170,8.26,24.5
2012,B,28-06-2012,180,7.49,23
2012,B,16-07-2012,198,7.8,26
2012,B,25-07-2012,207,7.33,23
2012,B,13-08-2012,226,7.48,25
2012,B,27-08-2012,240,7.98,26.5
2012,C,09-05-2012,130,9.91,22
2012,C,24-05-2012,145,10.49,23
2012,C,06-06-2012,158,8.32,24
2012,C,20-06-2012,172,7.16,23.5
2012,C,05-07-2012,187,7.42,22.5
2010,WC,14-06-2010,165,8.73,24.5
2010,WW,14-06-2010,165,9.08,24.5
2010,D,16-06-2010,167,7.01,24
2010,K,18-06-2010,169,7.53,24
2010,B,21-06-2010,172,7.42,23.5
2010,P,22-06-2010,173,7.77,24
2010,C,23-06-2010,174,8.39,23
2010,L,25-06-2010,176,8.89,25
2010,WC,28-06-2010,179,7.76,25.5
2010,D,19-07-2010,200,7.84,23
2010,P,20-07-2010,201,7.88,23.5
2010,C,21-07-2010,202,6.07,23.5
2010,L,23-07-2010,204,7.43,24
2010,WC,26-07-2010,207,5.65,26
2010,WW,26-07-2010,207,6.01,26
2010,D,28-07-2010,209,7.08,23.5
2010,K,30-07-2010,211,5.44,24
2010,B,03-08-2010,215,6.59,24
2010,P,04-08-2010,216,6.86,24
2010,C,05-08-2010,217,7.08,23.5
2010,L,06-08-2010,218,7.18,50.5
2010,WC,09-08-2010,221,6.5,26
2010,WW,09-08-2010,221,6.46,26
2010,D,11-08-2010,223,7.08,22
2010,K,13-08-2010,225,7.15,24
2010,B,16-08-2010,228,7.16,24
2010,P,17-08-2010,229,6.67,24.5
2010,C,18-08-2010,230,7.33,23.5
2010,L,20-08-2010,232,7.8,24
2010,WC,23-08-2010,235,7.16,24
2010,WW,23-08-2010,235,7.66,24
2010,D,24-08-2010,236,7.3,23.5
2010,K,27-08-2010,239,5.12,24
2010,B,30-08-2010,242,7.33,23
2010,P,31-08-2010,243,7.61,24
2010,C,01-09-2010,244,6.89,24
2010,L,03-09-2010,246,7.34,22.5
2010,P,07-09-2010,250,7.81,24
2010,P,28-09-2010,271,8.72,24
2011,D,29-06-2011,180,7.73,23.5
2011,D,18-07-2011,199,7.25,22.5
2011,D,27-07-2011,208,7.07,22
2011,D,10-08-2011,222,8.07,22.5
2011,D,24-08-2011,236,7.1,22
2011,K,20-05-2011,140,9.3,24
2011,K,03-06-2011,154,9.38,24
2011,K,17-06-2011,168,8.75,23.5
2011,K,30-06-2011,181,7.46,24
2011,K,15-07-2011,196,8.31,23.5
2011,K,29-07-2011,210,7.18,24
2011,K,12-08-2011,224,7.12,26
2011,K,26-08-2011,238,7.01,24
2011,L,13-05-2011,133,9.31,23
2011,L,27-05-2011,147,10.35,24.5
2011,L,10-06-2011,161,8.62,26.5
2011,L,24-06-2011,175,7.62,49
2011,L,08-07-2011,189,7.67,23.5
2011,L,22-07-2011,203,7.96,25.5
2011,L,05-08-2011,217,7.85,24
2011,L,19-08-2011,231,7.13,25
2011,L,02-09-2011,245,7.72,24.5
2011,P,10-05-2011,130,8.41,25
2011,P,25-05-2011,145,7.92,24
2011,C,11-05-2011,131,9.12,23.5
2011,C,26-05-2011,146,8.76,26
2011,C,08-06-2011,159,8.08,23.25
2011,C,22-06-2011,173,7.17,23.5
2011,C,06-07-2011,187,5.58,23
2011,C,20-07-2011,201,7.33,21.5
2011,C,04-08-2011,216,7.24,23.5
2011,C,17-08-2011,229,7.37,23.5
2011,C,31-08-2011,243,7.5,24
2011,D,18-05-2011,138,,
2011,D,01-06-2011,152,9.44,39
2011,D,15-06-2011,166,8.8,23
2011,P,07-06-2011,158,8.25,24
2011,P,21-06-2011,172,6.64,23
2011,P,05-07-2011,186,6.94,23.5
2011,P,19-07-2011,200,6.8,25
2011,P,03-08-2011,215,6.09,23.5
2011,P,16-08-2011,228,6.35,24.5
2011,P,30-08-2011,242,8.15,23.5
2011,P,08-09-2011,251,7.16,23
2011,P,22-09-2011,265,6.99,22
2011,WC,02-05-2011,122,10.71,24.5
2011,WW,02-05-2011,122,10.6,24.5
2011,WC,16-05-2011,136,8.78,24
2013,B,03-06-2013,154,8.17,25.5
2013,P,04-06-2013,155,8.22,24
2013,C,05-06-2013,156,8.17,24
2013,L,07-06-2013,158,8.71,24.5
2013,WC,10-06-2013,161,7.1,26
2013,WW,10-06-2013,161,8.09,26
2013,D,12-06-2013,163,8.22,23.5
2013,K,14-06-2013,165,8.91,25.5
2013,B,17-06-2013,168,7.97,24.5
2013,P,18-06-2013,169,7.62,24
2013,C,19-06-2013,170,6.89,24
2013,L,21-06-2013,172,7.75,23.5
2012,C,18-07-2012,200,7.15,23
2012,C,01-08-2012,214,7.3,23.5
2012,C,15-08-2012,228,7.7,23
2012,C,29-08-2012,242,5.32,19.5
2012,D,02-05-2012,123,9.9,22
2012,D,16-05-2012,137,8.93,21.5
2012,D,30-05-2012,151,8.22,21.5
2012,D,13-06-2012,165,8.91,23.5
2012,D,11-07-2012,193,8.15,23
2012,D,30-07-2012,212,7.16,23
2012,D,08-08-2012,221,6.97,23
2012,D,22-08-2012,235,7.31,23
2011,WW,16-05-2011,136,8.57,24
2011,WC,30-05-2011,150,8.26,25.5
2011,WW,30-05-2011,150,8.07,25.5
2011,WC,13-06-2011,164,6.82,25
2011,WW,13-06-2011,164,7.15,25
2011,WC,27-06-2011,178,6.23,23
2011,WW,27-06-2011,178,6.13,23
2011,WC,11-07-2011,192,7.27,22
2011,WW,11-07-2011,192,6.94,22
2011,WC,25-07-2011,206,7.1,24
2011,WW,25-07-2011,206,7.28,24
2011,WC,08-08-2011,220,6.31,25
2012,K,04-05-2012,125,11.3,23.5
2012,K,18-05-2012,139,10.05,25
2012,K,01-06-2012,153,8.82,22
2012,K,15-06-2012,167,8.72,26.5
2012,K,29-06-2012,181,7.36,23.5
2012,K,13-07-2012,195,6.98,23
2012,K,27-07-2012,209,6.73,23
2012,K,10-08-2012,223,6.48,22.5
2012,K,24-08-2012,237,6.8,
2012,L,11-05-2012,132,10.25,24.5
2012,L,25-05-2012,146,9.45,24
2012,L,08-06-2012,160,8.55,24.5
2012,P,31-07-2012,213,6.56,23
2012,P,14-08-2012,227,6.78,24.5
2012,P,28-08-2012,241,,
2012,WC,01-05-2012,122,10.85,23.5
2012,WW,01-05-2012,122,11.56,24.5
2012,WC,14-05-2012,135,11.45,25
2012,WW,14-05-2012,135,12.3,25
2012,WW,28-05-2012,149,8.78,24
2012,WC,28-05-2012,149,8.56,24
2012,WC,11-06-2012,163,7.94,23.5
2012,WW,11-06-2012,163,7.8,23.5
2012,WC,25-06-2012,177,7.65,24.5
2013,WW,24-06-2013,175,7.58,25
2013,WC,24-06-2013,175,7.54,25
2013,D,26-06-2013,177,7.82,24
2013,K,28-06-2013,179,7.74,23.5
2013,B,02-07-2013,183,7.94,25.5
2013,P,03-07-2013,184,6.94,24
2013,C,04-07-2013,185,7.02,23.5
2013,L,05-07-2013,186,7.02,24.5
2013,WC,08-07-2013,189,6.95,25.5
2013,WW,08-07-2013,189,7.03,25.5
2013,D,10-07-2013,191,7.71,23.5
2013,K,12-07-2013,193,7.37,23
2011,WW,08-08-2011,220,6.35,23
2011,WC,22-08-2011,234,6.51,23
2011,WW,22-08-2011,234,6.64,23
2011,WC,07-09-2011,250,8.25,23.5
2011,WW,07-09-2011,250,6.93,23.5
2011,WC,20-09-2011,263,7.97,20
2011,WW,20-09-2011,263,8.03,23
2010,WW,28-06-2010,179,8.09,25.5
2010,D,30-06-2010,181,7.79,21
2010,K,02-07-2010,183,7.74,26
2010,B,05-07-2010,186,7.65,24
2010,P,06-07-2010,187,6.92,24
2010,C,07-07-2010,188,7.54,23.5
2010,L,09-07-2010,190,7.41,24
2010,WC,12-07-2010,193,6.35,25.5
2010,WW,12-07-2010,193,6.3,25.5
2010,B,14-07-2010,195,8.63,41
2010,K,16-07-2010,197,6.08,25
2012,B,07-05-2012,128,9.56,24.5
2012,B,22-05-2012,143,8.85,25.5
2009,C,11-06-2009,162,7.21,24
2009,C,24-06-2009,175,7.22,23
2009,C,08-07-2009,189,7.6,23.5
2009,C,22-07-2009,203,7.82,23.5
2011,B,09-05-2011,129,9.47,24
2011,B,24-05-2011,144,8.73,24
2011,B,06-06-2011,157,8.49,24
2011,B,20-06-2011,171,7.27,23.5
2011,B,04-07-2011,185,6.56,22.5
2011,B,13-07-2011,194,7.26,23
2011,B,02-08-2011,214,7.16,24
2011,B,15-08-2011,227,7.39,24
2011,B,29-08-2011,241,7.68,24
2013,B,15-07-2013,196,7.52,25
2013,P,16-07-2013,197,7.83,24.5
2013,C,17-07-2013,198,7.48,24
2013,L,19-07-2013,200,7.28,23.5
2013,WW,22-07-2013,203,6.84,25.5
2013,WC,22-07-2013,203,6.79,25.5
2013,D,24-07-2013,205,7.32,24
2013,K,26-07-2013,207,7.26,25
2013,B,29-07-2013,210,7.23,26
2013,P,30-07-2013,211,7.24,24.5
2013,C,31-07-2013,212,7.78,23.5
2013,L,02-08-2013,214,7.32,25.5
2013,WC,06-08-2013,218,4.74,24
2013,WW,06-08-2013,218,4.78,24
2013,D,07-08-2013,219,7.71,23.5
2013,K,09-08-2013,221,8.26,24.5
2013,B,12-08-2013,224,8.65,25.5
2013,P,13-08-2013,225,7.46,24
2013,C,14-08-2013,226,7.74,24
2013,L,16-08-2013,228,7.55,24
2013,WC,19-08-2013,231,7.1,24.5
2013,WW,19-08-2013,231,7.9,24.5
2013,D,21-08-2013,233,7.23,23.5
2013,K,23-08-2013,235,7.15,23
2013,B,26-08-2013,238,7.48,25.5
2013,P,27-08-2013,239,6.84,24.5
2013,C,28-08-2013,240,7.18,23.5
2013,L,30-08-2013,242,7.5,23.5
2013,WW,13-05-2013,133,8.58,24
2013,WC,13-05-2013,133,7.86,24
2013,D,15-05-2013,135,9.68,24
2013,K,17-05-2013,137,9.28,24
2013,B,21-05-2013,141,9.89,25.5
2013,P,22-05-2013,142,8.01,24.5
2013,C,23-05-2013,143,8.72,23.5
2013,WW,27-05-2013,147,7.96,24.5
2013,WC,27-05-2013,147,7.73,24.5
2013,D,29-05-2013,149,8.65,24.5
2014,C,11-06-2014,162,7.04,23.25
2014,C,25-06-2014,176,6.69,23.5
2014,C,23-07-2014,204,5.4,22.5
2014,C,07-08-2014,219,6.17,23.08
2014,C,20-08-2014,232,6.7,23.42
2014,D,21-05-2014,141,9.64,23.83
2014,D,04-06-2014,155,7.44,23.5
2012,L,22-06-2012,174,7.66,24
2012,L,06-07-2012,188,6.82,24
2012,L,20-07-2012,202,7.2,25.5
2012,L,03-08-2012,216,8.02,23
2012,L,17-08-2012,230,7.49,24.5
2012,L,31-08-2012,244,7.49,26.5
2012,P,08-05-2012,129,10.27,24.5
2012,P,23-05-2012,144,9.04,23.5
2012,P,05-06-2012,157,7.92,24.5
2012,P,19-06-2012,171,8.39,24.5
2012,P,04-07-2012,186,7.19,24
2012,P,17-07-2012,199,7.41,23.5
2012,WW,25-06-2012,177,7.56,24.5
2012,WC,09-07-2012,191,6.79,23
2012,WW,09-07-2012,191,6.86,23
2012,WC,23-07-2012,205,6.45,24
2012,WW,23-07-2012,205,6.44,24
2012,WC,07-08-2012,220,9.52,25.5
2012,WW,07-08-2012,220,10.35,25.5
2012,WW,20-08-2012,233,8.26,21.5
2012,WC,20-08-2012,233,8.5,21.5
2014,K,01-08-2014,213,7.46,22.5
2014,K,15-08-2014,227,7.59,23.75
2014,L,16-05-2014,136,9.97,23.58
2014,L,30-05-2014,150,8.25,24
2014,L,13-06-2014,164,8.15,24
2014,L,27-06-2014,178,4.52,23.83
2014,L,11-07-2014,192,7.83,23.92
2014,L,25-07-2014,206,6.42,24.17
2014,L,08-08-2014,220,5.55,23
2014,L,22-08-2014,234,7.51,24.08
2014,P,13-05-2014,133,10.35,25.58
2014,P,27-05-2014,147,6.11,23.92
2014,P,24-06-2014,175,6.98,24
2014,P,08-07-2014,189,5.95,24
2014,P,22-07-2014,203,5.56,23.83
2014,P,06-08-2014,218,6.05,23.83
2014,P,19-08-2014,231,5.57,25.08
2014,WC,05-05-2014,125,9.51,21.5
2014,WC,20-05-2014,140,8.39,23
2014,WC,02-06-2014,153,7.01,24.5
2014,WC,16-06-2014,167,4.93,24.17
2014,WC,30-06-2014,181,3.83,24
2014,WC,14-07-2014,195,5.5,23.75
2014,WC,28-07-2014,209,6,24.5
2014,WC,11-08-2014,223,5.51,23.17
2014,WW,05-05-2014,125,9.53,21.5
2014,WW,20-05-2014,140,8.2,23
2014,WW,02-06-2014,153,6.75,24.5
2014,WW,16-06-2014,167,5.38,24.17
2014,WW,30-06-2014,181,4.3,24.75
2014,WW,14-07-2014,195,5.05,23.75
2014,WW,28-07-2014,209,6.1,23.92
2014,WW,11-08-2014,223,6.5,23.17
2014,D,18-06-2014,169,6.37,23.91
2014,D,02-07-2014,183,4.4,23.25
2014,D,16-07-2014,197,7,23.83
2014,D,30-07-2014,211,7.52,23.42
2014,D,13-08-2014,225,6.05,23.5
2014,K,23-05-2014,143,7.56,25
2014,K,06-06-2014,157,8.06,24.75
2014,K,20-06-2014,171,7.42,24.08
2014,K,04-07-2014,185,6.1,24
2014,K,17-07-2014,198,7.02,25
