YEAR,LAKE,Date,DOY,pH_surface,CloudCover_pct,Wind_km_h,Waves_m,Secchi_m
1994,B,1994-07-04,185,7.7,,,,2
1994,B,1994-07-18,199,8.35,,,,1
1994,B,1994-07-28,209,9.25,,,,0.75
1994,B,1994-08-18,230,8.1,,,,1.5
1995,B,1995-05-04,124,7.85,0,,,2.85
1995,B,1995-05-16,136,7.5,0,,,5
1995,B,1995-05-26,146,8.08,0,,,4.75
1995,B,1995-06-09,160,7.71,0,,,3
1995,B,1995-06-23,174,8.17,100,,,2.5
1995,B,1995-07-11,192,7.6,0,,,4.2
1995,B,1995-07-21,202,8.15,100,,,1.75
1995,B,1995-08-02,214,8.1,100,,,1
1995,B,1995-08-24,236,8.43,100,,,0.75
1996,B,1996-05-08,129,7.9,20,10,0.04,1
1996,B,1996-05-22,143,8.01,100,5,0.05,1.75
1996,B,1996-06-06,158,8.15,10,4,0.1,1.2
1996,B,1996-06-18,170,,100,25,0.5,1
1996,B,1996-07-03,185,8.69,10,20,0.15,1
1996,B,1996-07-19,201,8.56,70,25,0.22,0.5
1996,B,1996-08-02,215,8.27,0,0,0,0.5
1996,B,1996-08-19,232,8.9,10,5,0.03,1
1997,B,1997-05-08,128,9.41,10,15,0.2,0.46
1997,B,1997-05-26,146,9.06,50,20,0.3,1.25
1997,B,1997-06-09,160,8.95,100,25,0.35,0.9
1997,B,1997-06-25,176,8.97,10,30,0.2,1
1997,B,1997-07-08,189,8.28,70,30,0.4,0.8
1997,B,1997-07-24,205,8.18,0,20,0.25,0.85
1997,B,1997-08-05,217,8.53,0,10,0.1,1
1997,B,1997-08-21,233,8.5,30,10,0.05,0.4
1998,B,1998-05-15,135,7.1,100,10,0.45,3.5
1998,B,1998-06-01,152,9.1,100,10,0.1,2
1998,B,1998-06-15,166,9,15,10,0.1,1.75
1998,B,1998-06-30,181,9.2,0,12,0.1,1.6
1998,B,1998-07-15,196,9.3,90,10,0.2,0.5
1998,B,1998-07-31,212,9.6,30,20,0.5,0.4
1998,B,1998-08-21,233,9.2,100,22,0.4,0.4
1998,B,1998-09-22,265,9.5,0,10,0.1,
1999,B,1999-05-05,125,,,,,
1999,B,1999-05-17,137,7.9,70,25,0.7,0.75
1999,B,1999-05-30,150,8.3,100,10,0.35,0.7
1999,B,1999-06-14,165,8.6,10,5,0.1,0.62
1999,B,1999-07-04,185,9.1,0,35,0.9,0.5
1999,B,1999-07-13,194,9.2,10,2,0,0.65
1999,B,1999-08-06,218,9.4,0,25,0.6,0.55
1999,B,1999-08-20,232,7.3,0,2,0.1,0.5
1999,B,1999-08-28,240,8,100,30,0.75,0.6
2000,B,2000-05-07,128,7.8,100,15,0.1,0.78
2000,B,2000-05-19,140,8.09,70,7.5,0,0.825
2000,B,2000-06-05,157,8.32,0,6,0.05,0.55
2000,B,2000-06-20,172,8.34,90,25,1,0.6
2000,B,2000-07-07,189,8.08,0,14,0.15,0.55
2000,B,2000-07-24,206,8.09,20,22,0.7,0.5
2000,B,2000-08-08,221,,0,20,0.75,0.6
2000,B,2000-08-22,235,,0,7,0.02,0.75
2001,B,2001-05-04,124,8.59,20,35,0.5,0.75
2001,B,2001-05-16,136,8.64,5,20,0.3,1
2001,B,2001-06-06,157,8.57,100,5,0.05,0.5
2001,B,2001-06-15,166,9.02,90,10,0.1,0.2
2001,B,2001-06-25,176,8.63,100,35,1,0.75
2001,B,2001-07-13,194,8.89,100,0,0,0.5
2001,B,2001-07-27,208,6.81,10,7,0.1,0.5
2001,B,2001-08-09,221,8.73,40,20,,0.5
2001,B,2001-08-28,240,8.93,20,16,0.5,0.65
2002,B,2002-05-08,128,9.61,100,10.4,0.02,0.83
2002,B,2002-05-23,143,7.93,2,12.8,0.3,0.96
2002,B,2002-06-05,156,8.21,2,14.49,0.1,0.122
2002,B,2002-06-20,171,7.05,40,16.1,0.05,0.895
2002,B,2002-07-03,184,7.8,1,8.86,0.05,0.87
2002,B,2002-07-22,203,8.7,10,0,0,0.75
2002,B,2002-08-06,218,7.6,100,11.27,0.3,0.59
2002,B,2002-08-19,231,8.86,1,14.48,0.1,0.563
2003,B,2003-05-06,126,8.47,100,12.87,0.1,1.19
2003,B,2003-05-21,141,8.22,0,10.46,0.1,0.915
2003,B,2003-06-04,155,8.87,80,12.87,0.1,0.62
2003,B,2003-06-20,171,8.83,5,0,0,0.2975
2003,B,2003-06-27,178,9.09,70,28.97,0.75,0.25
2003,B,2003-07-14,195,9.02,50,22.5,0.4,0.51
2003,B,2003-07-29,210,9.43,25,32,0.5,0.25
2003,B,2003-08-13,225,9.47,20,13.68,0.2,0.48
2003,B,2003-08-20,232,9.19,100,32.19,1,0.62
2004,B,2004-05-07,128,8.52,40,0,0,2.03
2004,B,2004-05-26,147,8.9,100,20,0.5,1.925
2004,B,2004-06-04,156,8.7,50,10,0.1,1.935
2004,B,2004-06-16,168,8.9,30,12,0.15,2.083
2004,B,2004-06-28,180,8.9,5,0,0,1.685
2004,B,2004-07-12,194,8.8,100,25,0.3,1.46
2004,B,2004-07-29,211,8.9,100,5,0.02,0.65
2004,B,2004-08-11,224,8.9,90,15,0.3,0.61
2005,B,2005-05-10,130,9.4,5,16.1,0.25,3.6
2005,B,2005-05-20,140,9.3,10,16.1,0.5,3.45
2005,B,2005-06-03,154,8.9,5,13,0.1,4.3
2005,B,2005-06-17,168,8.9,90,11.3,0.2,4.3
2005,B,2005-06-30,181,9.3,5,8,0.3,2.91
2005,B,2005-07-15,196,9.3,11,0,0,0.925
2005,B,2005-07-29,210,9.7,5,22.5,1,0.92
2005,B,2005-08-11,223,9.6,100,16.09,0.4,0.565
2006,B,2006-05-08,128,8.8,95,11,0.1,1.44
2006,B,2006-05-23,143,9.1,95,25,0.9,1.34
2006,B,2006-06-05,156,9.4,30,23,0.4,1.11
2006,B,2006-06-19,170,9.4,5,8.5,0.05,0.8
2006,B,2006-07-04,185,9.4,5,1,0,0.71
2006,B,2006-07-17,198,9.5,0,8,0.1,0.82
2006,B,2006-07-31,212,9.5,0,20,1.2,0.425
2006,B,2006-08-11,223,10.1,100,25,0.85,0.51
2006,B,2006-08-28,240,10.2,2,10.5,0.6,0.46
2007,B,2007-05-07,127,8.6,2,6,0.35,0.9
2007,B,2007-05-22,142,8.6,100,22,0.55,1
2007,B,2007-06-04,155,9,10,7,0.2,1.1
2007,B,2007-06-19,170,8.5,0,12,0.2,0.72
2007,B,2007-07-03,184,8.7,60,30,0.25,0.9
2007,B,2007-07-16,197,8.5,8,13,0.15,0.675
2007,B,2007-07-30,211,8.9,15,5,0.05,0.58
2007,B,2007-08-13,225,8.9,1,35,0.55,0.64
2007,B,2007-08-22,234,8.6,90,35,0.6,0.855
2008,B,2008-05-12,133,8.5,97,30,0.2,1.425
2008,B,2008-05-26,147,8.5,10,10,0.1,2.2
2008,B,2008-06-09,161,8.7,100,9.5,0.1,1.87
2008,B,2008-06-23,175,8.4,85,7,0.3,1.55
2008,B,2008-07-07,189,8.5,100,35,0.5,1.505
2008,B,2008-07-21,203,8.8,0,10,0.35,0.86
2008,B,2008-08-05,218,9.1,10,5,0.02,0.75
2008,B,2008-08-18,231,8.9,3,14,0.5,0.64
2008,B,2008-09-02,246,8.9,100,25,0.35,0.86
1994,C,1994-07-05,186,9.2,,,,2
1994,C,1994-07-22,203,8.65,,,,1
1994,C,1994-08-03,215,8.8,,,,0.75
1994,C,1994-08-23,235,9.75,,,,1.4
1995,C,1995-05-15,135,7.93,100,,,1.5
1995,C,1995-05-19,139,,100,,,1.5
1995,C,1995-05-29,149,8.07,0,,,1.5
1995,C,1995-06-08,159,8.2,0,,,2
1995,C,1995-06-21,172,8.52,0,,,0.5
1995,C,1995-07-13,194,8.79,0,,,0.75
1995,C,1995-07-26,207,8.57,0,,,0.75
1995,C,1995-08-15,227,8.57,100,,,0.5
1995,C,1995-08-31,243,,100,,,1.25
1996,C,1996-05-17,138,8.1,100,0,0,1.6
1996,C,1996-05-31,152,8,30,3,0.03,1.5
1996,C,1996-06-13,165,8.5,10,15,0.07,2.25
1996,C,1996-06-27,179,8.7,100,5,0,2
1996,C,1996-07-15,197,8.87,0,5,0,0.2
1998,K,1998-06-17,168,9.8,100,13,0.3,1.25
1998,K,1998-07-02,183,9.9,80,4.8,0,3
1998,K,1998-07-22,203,9.9,70,18,0.5,1.4
1998,K,1998-08-04,216,9.8,0,0,0,1.6
1998,K,1998-09-02,245,9.9,90,20,0.35,1.2
1999,K,1999-05-11,131,9,90,30,0.6,1
1999,K,1999-05-24,144,8.4,0,15,0.75,1.2
1999,K,1999-06-09,160,8,10,20,0.35,1.7
1999,K,1999-06-22,173,9.1,25,35,0.4,3.4
1999,K,1999-07-12,193,9.1,100,20,0.3,2.3
1999,K,1999-07-25,206,8.8,10,20,0.3,1.8
2003,L,2003-05-30,150,9.03,40,32,0.3,2.07
2003,L,2003-06-17,168,8.99,10,16.09,0.27,3.85
2003,L,2003-07-02,183,8.78,25,14.48,0.15,2.77
2003,L,2003-07-11,192,8.74,10,0,0,1.33
2003,L,2003-07-28,209,9.08,0,11.3,0,0.125
2003,L,2003-08-08,220,9.31,70,14.48,0.25,1.75
2003,L,2003-08-22,234,9.27,80,36.21,0.15,1.44
2004,L,2004-05-10,131,8.9,0,0,0.05,1.1185
2004,L,2004-05-25,146,8.9,100,20,0.75,2.085
2007,WW,2007-05-28,148,8.8,99,10.5,0.1,0.725
2007,WW,2007-06-11,162,8.9,20,9,0.05,0.75
2007,WW,2007-06-25,176,9.3,15,12,0,0.71
2007,WW,2007-07-09,190,9.2,100,0,0,0.5
2007,WW,2007-07-23,204,9.4,30,0,0,0.41
2007,WW,2007-08-07,219,9,1,11,0,0.745
2007,WW,2007-08-20,232,9,100,11,0.01,0.56
2008,WW,2008-05-05,126,8.9,10,0,0,0.625
2008,WW,2008-05-20,141,8.7,95,11.5,0.05,0.81
1996,C,1996-07-26,208,8.6,70,0,0.02,1
1996,C,1996-08-14,227,8.4,0,5,0,
1996,C,1996-08-26,239,8.69,20,20,0.1,0.5
1997,C,1997-05-20,140,8.46,70,20,0.05,1.5
1997,C,1997-06-06,157,8.69,10,35,0.25,1.25
1997,C,1997-06-20,171,8.76,10,10,0.15,1.6
1997,C,1997-07-02,183,8.16,90,30,0.25,1.5
1997,C,1997-07-19,200,8.15,100,20,0.15,1
1997,C,1997-08-01,213,8.46,10,30,0.25,0.9
1997,C,1997-08-15,227,9.09,100,10,0.1,1
1997,C,1997-09-04,247,,,,,
1998,C,1998-05-14,134,9.5,10,20,0.3,1
1998,C,1998-05-28,148,9.5,100,45,1.25,2
1998,C,1998-06-12,163,9.4,10,10,0.2,2
1998,C,1998-06-24,175,9.4,100,0,0,1.75
1998,C,1998-07-13,194,9.8,0,16,0.3,0.75
1998,C,1998-07-29,210,9.8,40,8,0.3,0.5
1998,C,1998-08-18,230,9.1,90,11,0.4,1.4
1998,C,1998-09-23,266,9.5,50,10,0,0.02
1999,C,1999-05-18,138,8.2,60,7,0,1.75
1999,C,1999-06-03,154,7.8,100,15,0.4,1.4
1999,C,1999-06-17,168,8.2,10,10,0.2,2.75
1999,C,1999-07-05,186,9.1,20,10,0.2,1.65
1999,C,1999-07-15,196,8.8,100,25,0.4,1.2
1999,C,1999-07-26,207,8.7,0,25,0.35,0.95
1999,C,1999-08-13,225,7.8,100,10,0.1,0.5
1999,C,1999-08-22,234,8.8,30,2,0.05,1.3
2000,C,2000-05-05,126,7.9,30,8,0.02,1.1
2000,C,2000-05-19,140,8.27,0,12,0.1,1.05
2000,C,2000-06-14,166,8.4,50,15,0.05,1.25
2000,C,2000-06-28,180,8.2,80,15,0.75,1.4
2000,C,2000-07-14,196,8.3,0,15,0.8,1.55
2000,C,2000-07-30,212,8.39,0,12,0.15,1.225
2000,C,2000-08-12,225,,100,14,0.15,1.2
2000,C,2000-08-25,238,,0,16,0.3,0.8
2001,C,2001-05-16,136,9.11,,8,0.2,1
2001,C,2001-06-01,152,8.65,,,,1.25
2001,C,2001-06-13,164,8.49,,,,1.5
2001,C,2001-06-26,177,8.57,,,,2
2001,C,2001-07-12,193,8.81,,5,0.1,2
2001,C,2001-07-25,206,8.92,,,,1.2
2001,C,2001-08-08,220,9.36,,,,1.2
2001,C,2001-08-22,234,9.35,,,,1
2002,C,2002-05-13,133,8.75,5,0,0.01,0.75
2002,C,2002-05-27,147,8.48,60,17.7,0.3,1.54
2002,C,2002-06-11,162,8.36,100,48.3,0.25,1.64
2002,C,2002-06-21,172,8.04,1,16.13,0.15,2.18
2002,C,2002-07-05,186,9.3,90,12.9,0.2,0.845
2002,C,2002-07-23,204,9.2,10,12.8,0.05,0.53
2002,C,2002-08-12,224,7.5,80,29,0.75,1.115
2002,C,2002-08-28,240,8.89,15,0,0,0.89
2003,C,2003-05-13,133,8.68,75,14.48,0.2,1.09
2003,C,2003-05-26,146,8.64,15,48.28,0.25,1.32
2003,C,2003-06-09,160,8.96,100,19.3,0.1,2.9
2003,C,2003-06-24,175,8.78,98,24,0.04,0.132
2003,C,2003-07-07,188,8.7,100,20.9,0.15,0.1675
2003,C,2003-07-16,197,9,20,8,0.05,1.185
2003,C,2003-08-05,217,9.23,85,16.09,0.2,1.99
2003,C,2003-08-18,230,9.48,0,16.09,0.1,0.93
2004,C,2004-05-06,127,8.63,5,,0.15,1.165
2004,C,2004-05-19,140,8.8,100,0,0,1.26
2004,C,2004-06-02,154,8.7,100,0,0,1.415
2004,C,2004-06-15,167,8.7,98,30,0.4,4.975
2004,C,2004-06-29,181,8.7,50,10,0.1,3.34
2004,C,2004-07-13,195,8.7,50,10,0.15,1.96
2004,C,2004-07-26,208,8.9,0,30,0.1,0.615
2004,C,2004-08-10,223,8.9,100,15,0.1,1.07
2005,C,2005-05-11,131,8.9,10,12.9,0.2,1.37
2005,C,2005-05-24,144,9.3,100,28,1.5,1.25
2005,C,2005-06-06,157,9.1,30,10,0.05,1
2005,C,2005-06-20,171,9.1,0,7.2,0.1,1.18
2005,C,2005-07-04,185,9,27,0,0.06,2.765
2005,C,2005-07-18,199,9.3,0,,0.1,1.555
2005,C,2005-08-04,216,7.5,0,24.135,1,1.08
2005,C,2005-08-15,227,9.5,80,3,0,1.025
2006,C,2006-05-10,130,9.3,50,10,0.5,1.78
2006,C,2006-05-25,145,9.3,80,10.5,0.3,1.5
2006,C,2006-06-06,157,9.2,0,10,0.04,3.325
2006,C,2006-06-20,171,9.3,90,20,0.3,1.82
2006,C,2006-07-06,187,9.3,100,10,0.15,1.64
2006,C,2006-07-18,199,9.7,0,24,0.3,1.18
2006,C,2006-08-01,213,9.7,55,16,0.5,0.925
2006,C,2006-08-15,227,9.9,0,35,0.5,0.83
2006,C,2006-08-29,241,9.9,0,42,1.2,1.53
2007,C,2007-01-20,20,8.8,,,,
2007,C,2007-02-20,51,8.2,,,,
2007,C,2007-05-09,129,8.8,0,34,0.65,0.91
2007,C,2007-05-24,144,8.6,100,27,0.7,1.605
2007,C,2007-06-07,158,8.6,50,30,0.65,2.15
2007,C,2007-06-20,171,8.6,35,0,0,3.37
2007,C,2007-07-04,185,8.8,2,18,0.15,1.57
2007,C,2007-07-18,199,9.1,40,10,0.05,1.1
2007,C,2007-08-01,213,9,40,36,0.5,0.94
2007,C,2007-08-15,227,8.8,1,34,0.45,1
2007,C,2007-08-26,238,9,3,13,0.1,0.52
2008,C,2008-05-14,135,8.7,15,0,0,0.1425
2008,C,2008-05-28,149,8.9,1,2,0.1,1.895
2008,C,2008-06-11,163,8.6,100,28,1,1.89
2008,C,2008-06-25,177,8.8,2,20,0.15,2.22
2008,C,2008-07-09,191,8.6,10,7,0.02,1.895
2008,C,2008-07-23,205,8.7,99,11,0.25,2.235
2008,C,2008-08-07,220,8.3,40,0,0,0.38
2008,C,2008-08-20,233,8,0,4,0.05,0.99
2008,C,2008-09-04,248,8,100,0,0,1.53
1994,D,1994-07-10,191,6.8,,,,6
1994,D,1994-07-19,200,8.2,,,,2.5
1994,D,1994-08-07,219,8.1,,,,1
1994,D,1994-08-26,238,8,,,,1
1995,D,1995-05-10,130,8.11,0,,,4.1
1995,D,1995-05-23,143,7.77,100,,,4.5
1995,D,1995-06-02,153,8.18,0,,,1.3
1995,D,1995-06-14,165,8.33,0,,,1.65
1995,D,1995-07-06,187,8.04,0,,,3
1995,D,1995-07-19,200,8.28,0,,,4
1995,D,1995-08-04,216,8.13,0,,,4.25
1995,D,1995-08-25,237,8.69,0,,,4
1996,D,1996-05-13,134,7.9,50,25,0.5,3.6
1996,D,1996-05-27,148,8.3,100,20,1,3.2
1996,D,1996-06-24,176,,100,35,1.3,1.25
1996,D,1996-07-02,184,8.9,0,0,0,1
1996,D,1996-07-17,199,8.38,80,35,0.5,3.5
1996,D,1996-07-29,211,8.75,30,6,0.03,4.75
1996,D,1996-08-15,228,8.6,10,25,1.25,2.5
1996,D,1996-08-28,241,7.26,0,5,0.1,6.5
1997,D,1997-05-14,134,7.71,10,10,0.02,2.75
1997,D,1997-05-30,150,8.78,10,30,0.35,3
1997,D,1997-06-13,164,8.81,50,35,0.4,1.75
1997,D,1997-06-30,181,8.02,100,25,0.5,2.5
1997,D,1997-07-15,196,7.93,20,5,0.05,3.2
1997,D,1997-07-29,210,8.3,60,20,0.3,3.5
1997,D,1997-08-12,224,8.08,80,20,0.8,3
1997,D,1997-09-02,245,,,,,
1998,D,1998-05-11,131,9,0,30,0.7,3.5
1998,D,1998-05-25,145,9.1,0,0,0,3.25
1998,D,1998-06-08,159,9.4,100,0,0,3.1
1998,D,1998-06-22,173,9.2,40,16,0.5,3
1998,D,1998-07-08,189,8.9,90,0,0.3,4.5
1998,D,1998-07-24,205,9.3,0,16,0.7,3.5
1998,D,1998-08-14,226,9.1,70,5,0,5.4
1998,D,1998-09-09,252,9.1,0,6.2,0.05,0.45
1999,D,1999-05-16,136,8,50,5,0,2.5
1999,D,1999-06-01,152,8.31,100,10,0.2,1.45
1999,D,1999-06-10,161,8.3,60,15,0.3,1.9
1999,D,1999-07-06,187,7.3,0,30,0.9,3
1999,D,1999-07-18,199,9.3,100,10,0.1,3
1999,D,1999-08-01,213,8.1,0,2,0.05,3.85
1999,D,1999-08-18,230,7.5,10,2,0.15,4.2
1999,D,1999-08-27,239,7.9,0,5,0.3,3.9
2000,D,2000-05-12,133,7.7,100,20,0.75,2.8
2000,D,2000-05-31,152,8.29,100,6,0.15,1.7
2000,D,2000-06-18,170,8.05,100,15,0.9,2.6
2000,D,2000-07-01,183,8.12,0,0,0.02,3.3
2000,D,2000-07-16,198,7.99,0,5,0.2,2.9
2000,D,2000-08-06,219,,80,7,0.05,4.55
2000,D,2000-08-17,230,,90,0,0,5.45
2001,D,2001-05-10,130,8.76,10,8,0.2,3
2001,D,2001-05-23,143,8.82,10,5,0.1,2.5
2001,D,2001-06-08,159,8.65,20,5,0.1,3.5
2001,D,2001-06-20,171,8.69,30,5,0.2,3.5
2001,D,2001-07-09,190,8.6,20,35,0.5,5
2001,D,2001-07-18,199,8.88,50,15,0.5,5.25
2001,D,2001-08-02,214,8.3,5,20,0.4,6.5
2001,D,2001-08-15,227,8.62,40,15,0.3,4.25
2001,D,2001-08-30,242,8.18,80,7,0.1,4.5
2002,D,2002-05-14,134,8.2,10,0,0,3.45
2002,D,2002-06-04,155,8.2,10,0,0,3.45
2002,D,2002-06-14,165,8.12,30,8.05,0.05,3.405
2002,D,2002-06-26,177,8.47,10,11.29,0.3,0.368
2002,D,2002-07-08,189,8.6,100,16,0.5,2.76
2002,D,2002-08-07,219,6.7,2,0,0.01,5.5
2002,D,2002-08-20,232,8.69,30,14.48,0.05,3.82
2002,D,2002-09-03,246,8.31,5,19.31,0.75,3.46
2003,D,2003-05-14,134,8.54,75,19.31,0.5,2.5
2003,D,2003-05-28,148,8.79,50,8,0,3.93
2003,D,2003-06-12,163,8.71,75,0,0,2.82
2003,D,2003-06-25,176,8.7,70,0,0,3.3
2003,D,2003-07-09,190,8.65,100,14.5,0.25,5.19
2003,D,2003-07-18,199,8.9,5,16.1,0.1,4.89
2003,D,2003-08-06,218,8.97,90,19.31,0.5,4.5
2003,D,2003-08-29,241,9.02,70,10.46,0.25,3.08
2004,D,2004-05-14,135,9.3,60,20,0.25,4.5
2004,D,2004-05-27,148,8.9,100,20,0.15,3.015
2004,D,2004-06-08,160,8.7,100,5,0,3.495
2004,D,2004-06-22,174,8.8,90,0,0.01,2.94
2004,D,2004-07-06,188,8.9,90,20,0.3,2.89
2004,D,2004-07-23,205,8.5,20,7,0.02,5.655
2004,D,2004-08-03,216,8.9,10,20,0.3,5.935
2004,D,2004-08-18,231,8.6,20,30,0.75,4.575
2005,D,2005-05-04,124,9.1,1,19.3,0.5,3.25
2005,D,2005-05-18,138,9.5,100,14.5,0.8,2.87
2005,D,2005-06-01,152,9.2,100,3,0.2,1.535
2005,D,2005-06-15,166,9.1,95,8,0.3,2.89
2005,D,2005-06-29,180,9.1,100,5,0.2,2.27
2005,D,2005-07-13,194,9.3,40,0,0.1,2.95
2005,D,2005-07-27,208,9.6,95,,0,2.8
2005,D,2005-08-10,222,9.1,30,16.09,0.1,4.56
2006,D,2006-05-03,123,9.8,100,35,2,0.48
2006,D,2006-05-19,139,9.2,60,0,0,3.08
2006,D,2006-06-02,153,9.3,35,5.5,0.05,1.925
2006,D,2006-06-16,167,8.8,100,11.5,0.4,2.6
2006,D,2006-06-30,181,9.5,100,0,0,3.325
2006,D,2006-07-14,195,9.3,0,18,0.6,2.84
2006,D,2006-07-28,209,9.6,100,20,0.5,3.4
2006,D,2006-08-14,226,9.5,0,0,0,5.29
2006,D,2006-08-25,237,9.9,15,7,0.7,3.54
2007,D,2007-05-07,127,8.7,20,6,0.06,3.7
2007,D,2007-05-16,136,8.6,2,7,0.2,3.1
2007,D,2007-05-30,150,8.7,100,13,0.4,2.55
2007,D,2007-06-13,164,8.7,30,30,1,2.8
2007,D,2007-06-27,178,8.8,5,10,0.15,3.9
2007,D,2007-07-11,192,8.7,50,0,0,2.44
2007,D,2007-07-25,206,8.6,75,24,0.6,2.85
2007,D,2007-08-08,220,8.7,10,22,1.1,4.52
2007,D,2007-08-27,239,8.8,97,4.5,0.02,3.66
2008,D,2008-05-06,127,8.7,80,5.5,0,1.92
2008,D,2008-05-21,142,8.7,99,,2,
2008,D,2008-06-04,156,8.7,15,4,0.03,2.54
2008,D,2008-06-18,170,8.6,1,25,1.1,3.185
2008,D,2008-07-02,184,8.8,75,0,0.21,3.09
2008,D,2008-07-16,198,8.6,60,11.5,0.4,2.43
2008,D,2008-07-30,212,8.7,30,0,0,4.615
2008,D,2008-08-13,226,8.9,85,15,1.5,3.95
2008,D,2008-08-27,240,8.8,95,23,0.25,3.025
1994,E,1994-08-19,231,,,,,
2005,E,2005-07-14,195,9.1,2,48,0.75,2.1
1994,K,1994-06-24,175,7.7,,,,4
1994,K,1994-07-12,193,8.5,,,,2.5
1994,K,1994-07-26,207,8.8,,,,2.5
1994,K,1994-08-17,229,8.9,,,,2
1995,K,1995-05-08,128,7.85,100,,,1.75
1995,K,1995-05-17,137,8.07,0,,,1.5
1995,K,1995-05-31,151,8.05,0,,,1.2
1995,K,1995-06-13,164,8.49,0,,,1.8
1995,K,1995-06-30,181,8.48,0,,,4.5
1995,K,1995-07-15,196,8.69,0,,,1
1995,K,1995-07-24,205,8.77,0,,,0.75
1995,K,1995-08-11,223,8.51,0,,,1.5
1995,K,1995-08-28,240,8.53,0,,,1.5
1996,K,1996-05-17,138,7.9,100,5,0.05,1.4
1996,K,1996-05-31,152,8,10,25,0.8,1.3
1996,K,1996-06-12,164,8.1,0,10,0.2,1.75
1996,K,1996-06-28,180,8.68,50,10,0.07,3
1996,K,1996-07-12,194,8.86,60,30,0.15,1.5
1996,K,1996-07-26,208,8.71,40,3,0,1.25
1996,K,1996-08-11,224,8.3,,,,1
1996,K,1996-08-23,236,8.45,80,0,0,1
1997,K,1997-05-06,126,8.3,40,35,0.5,1
1997,K,1997-05-22,142,8.3,100,10,0.1,2.1
1997,K,1997-06-02,153,9.14,20,0,0,0.75
1997,K,1997-06-18,169,9.02,100,30,0.35,2
1997,K,1997-07-06,187,8.48,50,0,0.05,3.2
1997,K,1997-07-21,202,8.34,30,5,0.05,0.6
1997,K,1997-08-07,219,8.53,0,20,0.2,0.7
1997,K,1997-08-18,230,9.06,90,10,0.1,0.75
1997,K,1997-08-29,241,,,,,
1998,K,1998-05-08,128,7.45,20,5,0,2.82
1998,K,1998-05-21,141,9.5,20,40,0.5,1.5
1998,K,1998-06-04,155,9.6,100,15,0.1,0.75
1999,K,1999-08-12,224,7.9,30,5,0.05,0.8
1999,K,1999-08-23,235,9.3,0,5,0.1,0.4
2000,K,2000-05-15,136,8.1,100,15,0.25,1.23
2000,K,2000-05-29,150,7.96,40,15,0.3,1.05
2000,K,2000-06-14,166,8.6,100,0,0,1.85
2000,K,2000-06-28,180,8.22,0,9,0.05,4.725
2000,K,2000-07-10,192,8.21,90,9,0.05,3
2000,K,2000-07-26,208,8.59,0,12,0.2,1
2000,K,2000-08-11,224,,10,14,0.1,1.65
2000,K,2000-08-29,242,,90,12,0.3,1.725
2001,K,2001-05-08,128,8.54,,5,0,1.5
2001,K,2001-05-22,142,9.09,,25,1,1
2001,K,2001-06-07,158,8.85,,5,0.05,1.5
2001,K,2001-06-18,169,8.78,,15,0.4,3.25
2001,K,2001-06-28,179,8.8,,0,0,4
2001,K,2001-07-17,198,9.01,,10,0.2,2
2001,K,2001-07-31,212,8.85,70,0,0,2
2001,K,2001-08-13,225,9.78,10,0,0.1,1.4
2001,K,2001-08-26,238,9.64,,0,0.05,2
2002,K,2002-05-09,129,9.58,60,40.3,0.2,2.38
2002,K,2002-05-24,144,8.22,70,4.347,0.5,1.65
2002,K,2002-06-07,158,8,1,12.87,0.2,1.215
2002,K,2002-06-25,176,8.79,85,11.2,0.1,0.845
2002,K,2002-07-10,191,9.6,0,0,0,1.83
2002,K,2002-07-24,205,9,15,3.22,0,2.57
2002,K,2002-08-08,220,7.3,99,16.09,0.5,1.47
2002,K,2002-08-23,235,,,,,
2003,K,2003-05-12,132,9.6,0,11.27,0.1,0.8636
2003,K,2003-05-23,143,9.07,95,0,0.05,0.675
2003,K,2003-06-06,157,8.94,80,12.87,0.1,1.24
2003,K,2003-06-23,174,8.92,80,22.4,0.25,2.39
2003,K,2003-07-04,185,8.86,40,12.8,0.1,2.025
2009,B,2009-05-11,125,8.6,0,1,0.1,1.56
2009,B,2009-05-20,140,8.8,90,25,0.75,1.27
2009,B,2009-06-08,159,8.7,100,10,0.25,2.05
2009,B,2009-06-22,173,9.2,10,16,0.5,1.97
2009,B,2009-07-06,187,8.7,25,6,0.2,1.49
2009,B,2009-07-20,201,8.8,70,35,1,1.61
2009,B,2009-08-04,216,9.2,100,12,0.05,1.13
2009,B,2009-08-17,229,9.8,1,26,0.5,1.02
2009,B,2009-08-31,243,8,0,12,0.15,1.36
2009,C,2009-05-14,134,8.7,100,12,0.05,0.93
2009,C,2009-05-27,147,8.9,40,13,0.3,1.42
2003,K,2003-07-15,196,8.97,10,16.1,0.15,1.25
2003,K,2003-08-01,213,9.37,75,0,0,1.2
2003,K,2003-08-15,227,9.65,0,0,0,0.68
2003,K,2003-08-25,237,9.44,20,0,0.05,1
2004,K,2004-05-17,138,8.7,60,15,0.2,1.17
2004,K,2004-06-01,153,8.7,100,5,0.05,1.685
2004,K,2004-06-11,163,8.9,90,15,0.1,1.06
2004,K,2004-06-25,177,8.9,100,20,0.15,1.285
2004,K,2004-07-09,191,9.1,0,0,0,1.07
2004,K,2004-07-20,202,8.7,40,30,0.3,3.65
2004,K,2004-08-04,217,9.1,50,10,0.05,1.96
2004,K,2004-08-25,238,8.9,100,10,0.15,2.13
2005,K,2005-05-12,132,8.9,80,12.9,0.1,1.5
2005,K,2005-05-26,146,9.1,100,32,1,1.4
2005,K,2005-06-08,159,9,100,5,0.3,1.33
2005,K,2005-06-22,173,9.5,50,5,0.05,0.975
2005,K,2005-07-06,187,9.2,0,8,0.1,3.58
2005,K,2005-07-20,201,9.4,15,19.3,0.2,1.455
2005,K,2005-08-03,215,9.6,75,17.7,0.05,1.52
2005,K,2005-08-17,229,9.5,50,16.09,1,1.025
2006,K,2006-05-05,125,8.9,60,21,0.3,2.13
2006,K,2006-05-17,137,9.5,10,2,0.25,1
2006,K,2006-06-07,158,9.3,10,0,0,3.46
2006,K,2006-06-14,165,9.3,10,25,0.3,3.47
2006,K,2006-06-28,179,9.7,0,9,0.2,0.985
2006,K,2006-07-12,193,9.8,50,5,0.1,1.2
2006,K,2006-07-26,207,10,100,0,0,1.35
2006,K,2006-08-09,221,10.1,10,9,0.05,0.94
2006,K,2006-08-23,235,9.9,10,6,0,1.42
2006,K,2006-09-07,250,9.5,5,6.5,0.3,0.785
2006,K,2006-09-21,264,8.6,100,10,0.5,1.415
2006,K,2006-10-05,278,8.3,0,20,0.65,2.36
2006,K,2006-10-19,292,8.3,100,0.3,0.5,2.75
2006,K,2006-11-02,306,8.6,80,9,0.6,2.5
2006,K,2006-11-17,321,8.6,0,0,0.2,2.25
2007,K,2007-01-24,24,8.4,100,0,,4.775
2007,K,2007-02-17,48,8.4,100,0,,3.86
2007,K,2007-05-04,124,8.2,100,30,0.5,1.6
2007,K,2007-05-18,138,8.8,90,18,0.6,1.5
2007,K,2007-06-01,152,8.8,100,6,0,1.54
2007,K,2007-06-15,166,9.1,75,9,0.3,1.05
2007,K,2007-06-29,180,8.5,80,20,0.4,3.5
2007,K,2007-07-13,194,8.9,7,20,0.37,2
2007,K,2007-07-27,208,9.2,0,13,0.15,1
2007,K,2007-08-10,222,9,100,11,0.05,1.55
2007,K,2007-08-23,235,9,100,15,0.2,1.2
2007,K,2007-09-24,267,8.7,100,29,0.5,1.5
2007,K,2007-10-10,283,8.8,100,20,0.2,2.4
2007,K,2007-10-22,295,8.6,81,0,0,2.47
2007,K,2007-11-07,311,8.9,1,10,0.05,2.24
2008,K,2008-05-09,130,8.7,100,8,0.05,1.13
2008,K,2008-05-23,144,8.9,40,13,0.3,1.27
2008,K,2008-06-06,158,9.2,100,9.5,0.25,0.78
2008,K,2008-06-20,172,9.1,55,12.5,0.45,0.68
2008,K,2008-07-05,187,9.3,42,25,0.01,0.73
2008,K,2008-07-18,200,9.2,8,0,0.01,0.77
2008,K,2008-08-01,214,9.1,0,0,0,1.01
2008,K,2008-08-15,228,9.3,30,7,0.1,0.63
2008,K,2008-08-29,242,9.2,2,14,0.3,0.96
1994,L,1994-06-26,177,9.75,,,,3.5
1994,L,1994-07-11,192,8.99,,,,2.5
1994,L,1994-07-29,210,9.9,,,,2.5
1994,L,1994-08-28,240,,,,,
1995,L,1995-05-12,132,8.36,100,,,1.9
1995,L,1995-05-25,145,8.29,0,,,1.75
1995,L,1995-06-05,156,8.66,100,,,1.5
1995,L,1995-06-19,170,8.7,0,,,2
1995,L,1995-07-04,185,8.5,0,,,1.75
1995,L,1995-07-18,199,8.67,0,,,2.25
1995,L,1995-07-31,212,8.65,0,,,2
1995,L,1995-08-22,234,8.67,0,,,1.5
1996,L,1996-05-08,129,8,100,30,0.04,2.25
1996,L,1996-05-23,144,8,100,20,0.3,2.5
1996,L,1996-06-03,155,8.3,10,10,0.3,3.1
1996,L,1996-06-25,177,8.83,100,20,0.5,2.25
1996,L,1996-07-09,191,8.77,0,30,0.35,2.5
1996,L,1996-07-22,204,8.38,10,45,0.6,2
1996,L,1996-08-08,221,8,0,0,0,1.5
1996,L,1996-08-20,233,8.5,10,20,0.5,
1997,L,1997-05-16,136,8.2,0,20,0.3,2.13
1997,L,1997-06-04,155,7.9,0,30,1,2.4
1997,L,1997-06-16,167,8.93,30,15,0.35,2.25
1997,L,1997-07-04,185,8.34,100,35,0.85,1.9
1997,L,1997-07-17,198,8.23,50,10,0.05,2.95
1997,L,1997-08-02,214,8.28,10,0,0.05,2.2
1997,L,1997-08-12,224,8.7,10,0,0,1.9
1997,L,1997-08-27,239,8.3,0,,,
1998,L,1998-05-12,132,9.1,50,25,0.5,2.5
1998,L,1998-05-27,147,9.3,50,15,0.4,2.25
1998,L,1998-06-18,169,9.3,100,17.6,1.3,3
1998,L,1998-06-26,177,9.3,50,9.6,0.2,3
1998,L,1998-07-10,191,9.5,0,11.2,0.2,3.5
1998,L,1998-07-27,208,9.6,0,16,0.3,1.3
1998,L,1998-08-12,224,9.1,10,16,0.3,1
1998,L,1998-08-30,242,9.8,50,0,0.05,0.75
1999,L,1999-05-06,126,8.9,0,15,0.2,1.8
1999,L,1999-05-20,140,8.4,100,20,0.5,2.5
1999,L,1999-06-07,158,8.4,100,25,1,1.4
1999,L,1999-06-21,172,7.3,30,25,0.8,2.5
1999,L,1999-07-08,189,9.1,30,10,0.4,2.7
1999,L,1999-07-21,202,9.3,0,15,0.2,2.7
1999,L,1999-08-11,223,8.6,90,15,0.3,1.75
1999,L,1999-08-27,239,9.1,10,2,0.02,1.25
2000,L,2000-05-09,130,8.1,10,10,0.2,1.7
2000,L,2000-05-25,146,8.25,100,16,0.5,1.7
2000,L,2000-06-07,159,8.6,10,7.5,0.1,2.3
2000,L,2000-06-23,175,8.3,100,11,0.15,2.21
2000,L,2000-07-05,187,8.26,10,0,0,2.1
2000,L,2000-07-20,202,8.23,20,13.5,0.3,2.65
2000,L,2000-08-02,215,,10,6,0.1,1.4
2000,L,2000-08-21,234,,50,12,0.4,1.85
2001,L,2001-05-14,134,9.07,,25,0.4,1.5
2001,L,2001-05-30,150,8.79,,25,0.7,2
2001,L,2001-06-12,163,8.69,,15,0.2,2.75
2001,L,2001-06-21,172,8.71,,10,0.2,3
2001,L,2001-07-10,191,8.77,,25,0.5,1.25
2001,L,2001-07-26,207,7.38,,15,0.6,1.75
2001,L,2001-08-07,219,9.05,,20,1.5,1.6
2001,L,2001-08-20,232,9.11,,15,0.1,1.75
2002,L,2002-05-17,137,8.79,0,9.6,0.1,2
2002,L,2002-05-31,151,7.89,1,10,0.5,1.965
2002,L,2002-06-12,163,8.44,100,28.9,1,1.89
2002,L,2002-06-28,179,8.66,40,11.27,0.1,2.87
2002,L,2002-07-12,193,9,1,0,0.02,3.12
2002,L,2002-07-25,206,8.6,20,0,0,1.87
2002,L,2002-08-14,226,8.88,70,32.19,0.5,1.35
2002,L,2002-08-26,238,8.88,85,12.87,0.5,1.605
2003,L,2003-05-20,140,8.38,60,27.36,0.4,1.92
2014,B,2014-05-12,132,8.3,70,35,0.7,1
2014,B,2014-05-26,146,8.3,85,20,0.5,1.61
2014,B,2014-06-09,160,8.7,60,18,0.5,0.82
2014,B,2014-06-23,174,9.1,50,10,0.015,
2014,B,2014-07-07,188,9.8,20,20,0.7,0.71
2014,B,2014-07-21,202,9,100,0,0,0.59
2014,B,2014-08-05,217,9.1,60,10,0.2,0.57
2014,B,2014-08-18,230,8.7,5,14,0.4,1.05
2014,C,2014-05-14,134,8.8,0,10,0.3,1.385
2014,C,2014-05-28,148,9.1,5,15,0.15,
2004,L,2004-06-07,159,8.7,100,10,0.1,2.7
2004,L,2004-06-21,173,8.9,50,25,0.5,2.245
2004,L,2004-07-05,187,8.9,100,0,0.02,4.15
2004,L,2004-07-19,201,8.7,50,10,0.1,4.05
2004,L,2004-07-30,212,8.6,90,15,0.5,0.241
2004,L,2004-08-19,232,8.7,30,25,0.25,2.13
2005,L,2005-05-16,136,9.1,40,24.1,1,2
2005,L,2005-05-30,150,9.1,50,0,0.01,2.27
2005,L,2005-06-10,161,9.1,75,4.8,0.1,2.495
2009,C,2009-08-06,218,9.8,40,12,0.1,0.74
2009,C,2009-08-19,231,9.4,99,24,0.3,0.89
2009,C,2009-09-02,245,8.7,0,0,0,3.4
2009,D,2009-05-06,126,8.8,60,8.5,0.05,5.26
2009,D,2009-05-25,145,8.7,50,2,0.02,4.99
2009,D,2009-06-03,154,8.6,5,20,0.4,3.78
2009,D,2009-06-17,168,9.1,5,0,0,3.74
2009,D,2009-06-30,181,8.9,2,20,0.5,2.01
2009,D,2009-07-15,196,9.8,30,22,1,2.14
2009,D,2009-07-29,210,8.9,90,30,0.6,2.57
2009,D,2009-08-12,224,9.8,95,0,0,4.45
2009,D,2009-08-26,238,9,80,0,0.03,5.3
2005,L,2005-06-24,175,9.2,75,30,1.75,2.05
2005,L,2005-07-08,189,9.1,10,19,1,2.96
2005,L,2005-07-21,202,9.1,30,16.09,1,2.485
2005,L,2005-08-08,220,9.4,30,6,0.5,1.38
2005,L,2005-08-19,231,9.3,100,32.18,1,1.625
2006,L,2006-05-12,132,9.1,80,20,1,2.355
2006,L,2006-05-26,146,9.3,100,16,0.15,4.75
2006,L,2006-06-12,163,9.3,90,10,0.75,2.31
2006,L,2006-06-23,174,9.3,10,9,0.05,2.82
2006,L,2006-07-07,188,9.4,35,10,0.3,2.465
2006,L,2006-07-21,202,9.7,0,16,0.2,0.83
2006,L,2006-08-04,216,9.7,90,15,0.2,2.1
2006,L,2006-08-18,230,9.8,30,9,0.1,2.15
2006,L,2006-08-31,243,10,80,25,1,1.48
2007,L,2007-05-11,131,8.7,50,25,0.5,2.05
2007,L,2007-05-25,145,8.6,2,13,0.4,2.43
2007,L,2007-06-08,159,8.8,75,20,0.35,2.5
2009,K,2009-05-08,128,8.7,100,15,0.3,1.09
2009,K,2009-05-22,142,9,100,40,0.8,1.1
2009,K,2009-06-05,156,9,70,10,0.3,1.4
2009,K,2009-06-19,170,9.6,90,14.5,0.5,0.68
2009,K,2009-07-03,184,10.2,60,6,0,0.815
2009,K,2009-07-17,198,10.6,10,0,0.01,1.94
2009,K,2009-07-31,212,10.3,98,20,1,1.11
2009,K,2009-08-14,226,10.2,100,10,0.15,0.41
2009,K,2009-08-28,240,,99,5.5,0.02,0.57
2009,L,2009-05-15,135,8.7,40,20,1,2.25
2009,L,2009-05-29,149,8.7,0,14,0.4,1.7
2009,L,2009-06-12,163,9,0,8,0.15,1.6
2007,L,2007-06-22,173,8.7,20,0,0.15,3.09
2007,L,2007-07-10,191,8.5,60,25,0.3,2.51
2007,L,2007-07-20,201,8.7,2,12,0.9,1.74
2007,L,2007-08-03,215,8.9,2,12,0.35,1.1
2007,L,2007-08-17,229,8.8,40,32,0.7,
2007,L,2007-08-31,243,8.9,1,32,1.3,2.37
2008,L,2008-05-16,137,8.3,10,20,0.4,1.98
2008,L,2008-05-30,151,8.8,80,6.5,0.12,1.86
2008,L,2008-06-13,165,8.8,99,30,0.6,1.85
2010,WC,2010-05-03,123,7.7,0,13,0.01,0.26
2010,WW,2010-05-03,123,8.6,0,6,0,0.315
2008,L,2008-07-01,183,8.6,0,13,1,3.5
2008,L,2008-07-11,193,8.4,100,36,1,2.245
2008,L,2008-07-25,207,8.8,0,0,0,1.9
2008,L,2008-08-08,221,9,20,14,0.4,1.15
2008,L,2008-08-26,239,9,20,30,0.5,1.6
2008,L,2008-09-05,249,9,5,4,0,2.37
1994,M,1994-08-16,228,,,,,
2005,M,2005-07-22,203,9.7,5,6.44,0.03,1.085
2006,M,2006-05-31,151,,10,4,0.05,1.655
1994,P,1994-08-19,231,,,,,
2000,P,2000-08-31,244,,100,14.4,0.05,1.225
2004,P,2004-05-13,134,8.9,5,0,0,0.62
2004,P,2004-05-28,149,8.7,40,25,0.25,0.875
2004,P,2004-06-09,161,8.7,70,20,0.15,1.19
2004,P,2004-06-24,176,8.7,40,30,0.35,2.32
2004,P,2004-07-08,190,8.7,10,10,0.05,2.51
2004,P,2004-07-22,204,8.7,15,10,0.05,1.005
2004,P,2004-08-06,219,9.1,95,10,0.05,0.615
2004,P,2004-08-20,233,8.8,5,0,0,0.685
2004,P,2004-09-01,245,9.3,95,0,0,0.68
2009,L,2009-06-26,177,8.7,5,4,0.03,2
2009,L,2009-07-10,191,9.2,80,19,0.5,2.37
2009,L,2009-07-24,205,9.4,10,11,0.08,2.05
2009,L,2009-08-07,219,9.3,100,7,0.15,1.79
2009,L,2009-08-21,233,9.2,6,15.5,0.35,2.18
2009,L,2009-09-04,247,8.9,5,0,0.03,2.13
2009,P,2009-05-12,132,9.1,30,12,0.05,0.485
2009,P,2009-05-26,146,9.2,100,9.5,0.2,0.57
2009,P,2009-06-09,160,8.5,100,6,0.02,1.21
2009,P,2009-06-23,174,9.1,10,40,0.7,3.92
2009,P,2009-07-07,188,8.5,100,35,0.35,2.07
2009,P,2009-07-21,202,11.1,3,20,0.35,1.1
2004,P,2004-09-17,261,9.1,50,0,0,0.665
2005,P,2005-05-09,129,8.8,75,0,0,0.78
2005,P,2005-05-25,145,9.2,90,35.4,0.5,0.78
2005,P,2005-06-08,159,9.1,100,24,0.4,1.335
2005,P,2005-06-21,172,8.8,5,22.5,0.5,0.4775
2005,P,2005-07-07,188,9.1,15,16,0.5,1.53
2005,P,2005-07-19,200,9.2,10,22.53,0.3,1.07
2005,P,2005-08-02,214,9.1,40,16.09,0.2,1.37
2005,P,2005-08-16,228,8.9,100,11.263,0.1,1.295
2005,P,2005-08-30,242,9.5,10,5,0.2,1.17
2005,P,2005-09-13,256,9.3,90,26,0.5,1.75
2005,P,2005-09-26,269,9.1,35,5,0.15,2.975
2006,P,2006-05-09,129,9.1,100,28,0.4,0.81
2006,P,2006-05-24,144,9.3,100,30,0.5,1.27
2006,P,2006-06-07,158,9,10,0,0,5.4
2006,P,2006-06-21,172,9.1,100,22,0.5,2.78
2006,P,2006-07-05,186,9.3,0,13.5,0.3,1.97
2006,P,2006-07-18,199,9.5,5,15,0.6,1.15
2006,P,2006-07-26,207,9.8,95,0,0,0.73
2006,P,2006-08-02,214,9.6,15,6,0.01,0.94
2006,P,2006-08-16,228,9.7,75,26,0.6,0.735
2006,P,2006-08-30,242,9.7,5,20,0.25,2.31
2006,P,2006-09-14,257,8.9,100,6,0.3,1.74
2006,P,2006-09-28,271,8.9,100,10,0.3,1.75
2006,P,2006-10-05,278,8.7,0,26,0.35,2.4
2006,P,2006-10-13,286,8.8,0,20,0.7,1.39
2006,P,2006-10-26,299,9.1,10,0,0,0
2006,P,2006-11-02,306,9.1,100,2,0.5,
2006,P,2006-11-10,314,9.3,0,0,0,1.4
2007,P,2007-05-08,128,8.6,0,0,0.01,0.8
2007,P,2007-05-23,143,8.6,100,20,0.75,1.12
2007,P,2007-06-06,157,8.9,100,20,0.7,1.12
2007,P,2007-06-19,170,8.4,10,14,0.15,4.5
2007,P,2007-07-06,187,8.8,5,37,0.05,0.9
2007,P,2007-07-17,198,8.9,20,14,0.1,1.26
2007,P,2007-07-31,212,9.1,50,0,0,0.45
2007,P,2007-08-14,226,8.7,95,4,0,1.88
2007,P,2007-08-21,233,8.7,50,28,0.4,2.23
2007,P,2007-09-14,257,8.9,1,16,0.15,1.59
2007,P,2007-09-24,267,8.9,100,18,0.3,1.4
2007,P,2007-10-10,283,8.9,99,20,0.15,1.47
2007,P,2007-10-22,295,8.9,90,16,0.1,2.35
2007,P,2007-11-07,311,9,65,14,0.15,1.33
2008,P,2008-05-13,134,8.3,75,22,0.05,0.77
2008,P,2008-05-27,148,8.9,5,0,0.01,0.83
2008,P,2008-06-10,162,8.9,65,16,0.03,0.86
2008,P,2008-06-24,176,8.5,95,9,0.1,4.25
2008,P,2008-07-08,190,8.6,99,22,0.15,1.66
2008,P,2008-07-22,204,8.7,10,12.5,0.15,1.505
2008,P,2008-08-06,219,9.1,1,11,0.2,1.3
2008,P,2008-08-19,232,9.3,1,13,0.5,0.67
2008,P,2008-09-03,247,8.9,10,11,0.2,1.195
1994,R,1994-08-23,235,,,,,
2005,R,2005-07-07,188,9,100,0,0.3,2.34
2004,WC,2004-05-04,125,9.37,60,,0.1,0.655
2004,WC,2004-05-18,139,9.1,10,10,0.05,1.873
2004,WC,2004-05-31,152,8.9,100,15,0.1,1.33
2004,WC,2004-06-14,166,8.1,90,0,0,1.534
2004,WC,2004-06-28,180,8.9,0,5,0.02,3.46
2004,WC,2004-07-12,194,8.7,100,30,0.1,1.53
2004,WC,2004-07-27,209,9,20,5,0.1,1.6
2004,WC,2004-08-09,222,8.9,100,10,0.05,
2005,WC,2005-05-02,122,8.4,5,,0.05,0.41
2005,WC,2005-05-16,136,8.7,70,30,0.25,0.47
2005,WC,2005-05-27,147,8.9,100,16,0.15,0.628
2005,WC,2005-06-13,164,9.3,15,3.2,0.2,0.815
2005,WC,2005-06-27,178,9.3,75,11,0.05,1.14
2005,WC,2005-07-11,192,9.6,0,8,0.02,0.685
2005,WC,2005-07-26,207,9.8,5,8.045,0.1,0.905
2005,WC,2005-08-05,217,9.8,2,6.43,0.05,0.77
2006,WC,2006-05-01,121,9,100,20,0.05,0.71
2006,WC,2006-05-15,135,8.9,20,6,0.02,1.15
2006,WC,2006-05-29,149,9.1,100,8,0.05,0.84
2006,WC,2006-06-09,160,9.3,100,30,0.2,0.74
2006,WC,2006-06-26,177,9.9,5,10,0.02,0.84
2006,WC,2006-07-10,191,10.3,20,22,0.35,0.62
2006,WC,2006-07-25,206,10.3,40,11.5,0.04,0.35
2006,WC,2006-08-08,220,10,20,12,0.2,0.51
2006,WC,2006-08-21,233,10.1,0,0,0,0.53
2007,WC,2007-05-01,121,8.6,40,5.5,0.1,0.47
2007,WC,2007-05-14,134,8.6,100,6,0.01,1.2
2007,WC,2007-05-28,148,8.9,100,9.5,0.2,0.73
2007,WC,2007-06-11,162,8.9,35,9,0.15,0.95
2007,WC,2007-06-25,176,9.3,50,15,0.3,0.72
2007,WC,2007-07-09,190,9.1,100,7.5,0.05,0.495
2007,WC,2007-07-23,204,9.3,30,5,0,0.41
2007,WC,2007-08-07,219,8.9,1,11,0.05,0.925
2007,WC,2007-08-20,232,9.1,100,9,0.03,0.55
2008,WC,2008-05-05,126,9,5,18,0.05,0.42
2008,WC,2008-05-20,141,8.6,95,14,0.25,0.785
2008,WC,2008-06-02,154,8.9,20,9.5,0.2,0.69
2008,WC,2008-06-16,168,8.9,30,0,0,0.72
2008,WC,2008-06-30,182,9.2,2,9,0.03,0.3555
2008,WC,2008-07-14,196,8.9,75,9,0.03,0.6
2008,WC,2008-07-28,210,9.3,60,4,0.05,0.6
2008,WC,2008-08-11,224,8.7,100,5,0,0.675
2008,WC,2008-08-25,238,9.1,10,8.5,0.25,0.49
1996,WW,1996-05-04,125,7.7,30,5,0.05,0.1
1996,WW,1996-05-21,142,7.8,100,20,0.05,0.3
1996,WW,1996-06-04,156,8.3,50,25,0.1,1.8
1996,WW,1996-06-14,166,8.3,70,30,0.03,2
1996,WW,1996-06-28,180,8.83,80,1,0,2.5
1996,WW,1996-07-08,190,8.7,100,5,0,2
1996,WW,1996-07-31,213,9.15,100,20,0.04,1
1996,WW,1996-08-16,229,9.9,10,5,0,0.5
1997,WW,1997-05-12,132,9.5,20,30,0.1,0.2
1997,WW,1997-05-28,148,7.88,40,0,0,1.5
1997,WW,1997-06-11,162,8.98,50,5,0.01,1.5
1997,WW,1997-06-23,174,9.2,10,20,0.1,0.8
1997,WW,1997-07-09,190,9.19,70,10,0.05,0.4
1997,WW,1997-07-25,206,8.2,80,10,0.05,0.3
1997,WW,1997-08-06,218,9.5,10,5,0,0.1
1997,WW,1997-08-23,235,9.05,30,20,0.05,0.1
1997,WW,1997-09-06,249,,,,,
1998,WW,1998-05-04,124,8.8,100,45,0.45,1.2
1998,WW,1998-05-20,140,8.3,10,10,0.1,1.9
1998,WW,1998-06-03,154,9,10,25,0.2,1.25
1998,WW,1998-06-18,169,9.9,100,10,0.1,0.75
1998,WW,1998-07-03,184,9.8,10,11.2,0.1,1.5
1998,WW,1998-07-20,201,9.9,50,24,0.3,0.75
1998,WW,1998-08-05,217,10.3,0,11,0,0.4
1998,WW,1998-08-26,238,10.4,10,0,0,0.15
1998,WW,1998-09-26,269,,,,,
1999,WW,1999-05-02,122,8,100,5,0,0.22
1999,WW,1999-05-13,133,9.8,50,10,0.03,0.4
1999,WW,1999-05-31,151,8.35,70,5,0.05,0.8
1999,WW,1999-06-15,166,7.9,0,0,0,1.75
1999,WW,1999-07-07,188,9.6,100,5,0.05,0.5
1999,WW,1999-07-20,201,10.1,0,5,0,0.6
1999,WW,1999-08-02,214,10,20,2,0,0.35
1999,WW,1999-08-16,228,8.3,30,2,0.02,0.4
1999,WW,1999-09-25,268,9,10,15,0.2,0.32
2000,WW,2000-05-01,122,8.4,40,12,0.02,1.5
2000,WW,2000-05-16,137,8,10,2,0.02,0.6
2000,WW,2000-06-02,154,8.16,10,1,0.02,0.9
2000,WW,2000-06-19,171,8.41,100,12,0.02,0.675
2000,WW,2000-07-04,186,8.52,100,17,0.02,0.75
2000,WW,2000-07-17,199,8.69,0,12,0.02,0.75
2000,WW,2000-07-31,213,,0,12,0.02,0.6
2000,WW,2000-08-15,228,,0,0,0,0.4
2009,P,2009-08-05,217,9.3,3,15,0.15,1.6
2009,P,2009-08-18,230,8.7,78,6,0.2,1.16
2009,P,2009-09-01,244,8.5,0,11,0.25,1
2009,WC,2009-05-04,124,8.2,80,13,0.2,0.11
2009,WC,2009-05-19,139,8.5,90,40,0.7,0.21
2009,WC,2009-06-01,152,8.7,50,16,0.25,0.48
2009,WC,2009-06-15,166,9.4,10,0,0.05,0.5
2009,WC,2009-06-29,180,9.6,0,15,0.02,0.42
2009,WC,2009-07-13,194,10.2,100,20,0.2,0.32
2009,WC,2009-07-27,208,10.5,25,12,0.03,0.49
2009,WC,2009-08-10,222,10.1,0,9.5,0,0.38
2009,WC,2009-08-24,236,9.7,100,0,0,0.38
2000,WW,2000-08-30,243,,100,9,0.02,0.55
2001,WW,2001-05-02,122,8.19,25,15,0.1,0.3
2001,WW,2001-05-11,131,8.65,0,0,0,0.25
2001,WW,2001-05-25,145,8.73,5,20,0.1,0.5
2001,WW,2001-06-11,162,8.7,0,10,0.1,1.5
2001,WW,2001-06-22,173,9.07,95,25,0.2,1.5
2001,WW,2001-07-11,192,,100,10,0.1,0.75
2001,WW,2001-07-19,200,6.66,40,8,0.2,1
2001,WW,2001-08-01,213,9.39,5,10,0.2,1
2001,WW,2001-08-16,228,10.1,0,0,0,0.5
2001,WW,2001-08-29,241,10.12,60,32,0.4,0.75
2002,WW,2002-05-03,123,10.4,80,15,0,0.33
2002,WW,2002-05-17,137,8.62,40,9.6,0.3,0.525
2002,WW,2002-06-03,154,8.28,100,0,0,0.885
2002,WW,2002-06-17,168,8.62,90,12.88,0.03,0.88
2002,WW,2002-07-02,183,9.81,0,0,0,0.47
2002,WW,2002-07-22,203,10,50,0,0,0.27
2002,WW,2002-08-06,218,8,100,8.05,0.02,0.3
2002,WW,2002-08-19,231,9.46,1,8.05,0.05,0.39
2003,WW,2003-05-06,126,8.17,95,0,0,0.79
2003,WW,2003-05-16,136,8.15,95,3.22,0,0.99
2003,WW,2003-06-02,153,8.28,100,14.4,0.05,1.47
2003,WW,2003-06-20,171,8.83,5,0,0,2.975
2003,WW,2003-06-30,181,9.48,40,12.87,0.2,0.585
2003,WW,2003-07-14,195,10,20,32,0.05,0.615
2003,WW,2003-07-29,210,10.14,10,11.3,0.1,0.54
2003,WW,2003-08-11,223,10.52,10,16.09,0.05,0.31
2003,WW,2003-08-27,239,10.27,100,9.66,0.05,0.2
2004,WW,2004-05-04,125,9.43,5,,0.05,0.5
2004,WW,2004-05-18,139,9.1,50,10,0.05,1.52
2004,WW,2004-05-31,152,8.7,100,15,0.1,1.225
2004,WW,2004-06-14,166,8.3,90,0,0,1.57
2004,WW,2004-06-28,180,8.6,0,5,0.02,1.94
2004,WW,2004-07-12,194,8.9,100,10,0.05,0.74
2004,WW,2004-07-27,209,9.1,10,5,0.05,1.105
2004,WW,2004-08-09,222,9.1,100,0,0,1.28
2005,WW,2005-05-02,122,8.4,10,9.7,0.1,0.33
2009,WW,2009-05-04,124,7.8,50,10,0.2,3.5
2009,WW,2009-05-19,139,7.1,100,40,0.04,0.21
2009,WW,2009-06-01,152,8.4,60,11.5,0.1,0.47
2009,WW,2009-06-15,166,9.2,0,0,0,0.44
2009,WW,2009-06-29,180,9.1,0,10,0.01,0.52
2009,WW,2009-07-13,194,10.1,100,15,0.05,0.33
2009,WW,2009-07-27,208,9.8,25,8,0.03,0.49
2009,WW,2009-08-10,222,10.3,0,0,0,0.45
2009,WW,2009-08-24,236,9.7,100,0,0,0.44
2005,WW,2005-05-16,136,8.6,70,30,0.05,0.535
2005,WW,2005-05-27,147,9.1,95,13,0.05,0.815
2005,WW,2005-06-13,164,9.3,10,0,0.1,1.03
2005,WW,2005-06-27,178,9.2,50,3,0,1.23
2005,WW,2005-07-11,192,9.7,0,8,0.02,0.64
2005,WW,2005-07-26,207,9.7,5,,0,0.8025
2005,WW,2005-08-05,217,9.8,3,6.436,0.03,0.79
2006,WW,2006-05-01,121,8.9,100,0,0,0.75
2006,WW,2006-05-15,135,9.1,10,0,0,1.21
2006,WW,2006-05-29,149,9.1,100,0,0,0.85
2006,WW,2006-06-09,160,9.4,100,10,0.03,0.73
2006,WW,2006-06-26,177,9.9,0,1,0.01,0.81
2006,WW,2006-07-10,191,10.3,10,12,0.1,0.62
2006,WW,2006-07-25,206,10.3,40,14,0.02,0.3
2006,WW,2006-08-08,220,10,80,22,0.2,0.455
2006,WW,2006-08-21,233,10.2,0,0,0,0.45
2007,WW,2007-05-01,121,8.9,40,10,0.1,0.45
2007,WW,2007-05-14,134,8.5,100,0,0,1.26
2008,WW,2008-06-02,154,8.9,20,5,0.01,0.79
2008,WW,2008-06-16,168,8.9,15,0,0.05,0.66
2008,WW,2008-06-30,182,9.2,2,9,0.03,0.355
2008,WW,2008-07-14,196,8.9,80,4,0.01,0.48
2008,WW,2008-07-28,210,9.3,,8,0.05,0.615
2008,WW,2008-08-11,224,8.7,100,0,0,0.665
2008,WW,2008-08-25,238,9.1,15,6,0.02,0.435
2008,K,2008-09-17,261,9.1,90,11,0.2,0.8
2008,K,2008-10-31,305,8.6,10,9,0.15,2.82
2008,P,2008-09-17,261,8.7,20,24,0.5,1.41
2008,P,2008-10-31,305,8.7,20,15,0.3,2.12
2010,D,2010-05-05,125,8.7,100,9.75,0.5,5.32
2010,K,2010-05-07,127,8.6,35,14.5,0.25,1.385
2010,B,2010-05-10,130,8.7,100,9.5,0.3,1.37
2010,P,2010-05-11,131,8.3,100,7,0.05,0.75
2010,C,2010-05-12,132,8.6,45,6,0,0.75
2010,L,2010-05-14,134,8.3,30,9.5,0.2,1.48
2010,WC,2010-05-17,137,8.6,0,11.5,0.1,0.46
2010,WW,2010-05-17,137,8.7,0,6,0,0.575
2010,D,2010-05-19,139,8.6,20,15,0.5,3.25
2010,K,2010-05-21,141,9.1,0,7,0.2,0.92
2010,B,2010-05-25,145,8.6,100,35,0.8,1.16
2010,P,2010-05-26,146,8.9,100,11,0.3,1.15
2010,C,2010-05-27,147,8.9,100,7,0.2,1.36
2010,L,2010-05-28,148,9,100,8,0.2,1.49
2010,WC,2010-05-31,151,8.5,75,20,0.06,0.72
2010,WW,2010-05-31,151,8.4,10,0,0.03,0.85
2010,D,2010-06-02,153,8.6,30,6,10,2.28
2010,K,2010-06-04,155,8.9,100,15,0.25,1.15
2010,B,2010-06-07,158,8.9,100,0,0,2
2010,P,2010-06-08,159,9.1,100,0,0,1.24
2010,C,2010-06-09,160,8.9,100,7,0.1,1.315
2010,L,2010-06-11,162,9.3,100,8,0.02,1.8
2012,B,2012-06-04,156,8.6,0,4,0,3.07
2012,B,2012-06-18,170,8.6,100,4,0,2.5
2012,B,2012-06-28,180,8.65,0,20,0.1,1.56
2012,B,2012-07-16,198,8.22,90,10,0,1
2012,B,2012-07-25,207,8.72,30,20,0.15,0.845
2012,B,2012-08-13,226,9.14,15,6,0,0.4
2012,B,2012-08-27,240,8.63,0,9,0.05,0.45
2012,C,2012-05-09,130,8.9,5,20,0.3,1.04
2012,C,2012-05-24,145,8.7,100,11,0.2,0.89
2012,C,2012-06-06,158,8.4,50,10,0.25,2
2012,C,2012-06-20,172,8.39,40,12,0.05,3.2
2012,C,2012-07-05,187,8.25,0,15,0.1,1.33
2010,WC,2010-06-14,165,9.3,2,12,0.05,0.6
2010,WW,2010-06-14,165,9.3,5,5,0,0.56
2010,D,2010-06-16,167,9.4,100,8,0.2,1.85
2010,K,2010-06-18,169,9.2,100,20,0.5,1.1
2010,B,2010-06-21,172,9.5,5,10,0,0.95
2010,P,2010-06-22,173,8.6,100,10,0.2,3.15
2010,C,2010-06-23,174,9.3,10,8,0.25,3.85
2010,L,2010-06-25,176,9.3,50,6,0,1.95
2010,WC,2010-06-28,179,8.7,100,10,0.05,0.66
2010,D,2010-07-19,200,9.7,45,8,0.15,3.08
2010,P,2010-07-20,201,9.5,70,0,0.02,1.34
2010,C,2010-07-21,202,9.7,20,0,0,1.92
2010,L,2010-07-23,204,10,100,10,0,0.955
2010,WC,2010-07-26,207,9.6,0,10,0.03,0.52
2010,WW,2010-07-26,207,9.6,5,5,0,0.54
2010,D,2010-07-28,209,9.5,5,10,0.05,2.39
2010,K,2010-07-30,211,10.1,35,0,0,1.2
2010,B,2010-08-03,215,9.7,100,10,0.05,0.515
2010,P,2010-08-04,216,9.5,15,18,0.4,1.15
2010,C,2010-08-05,217,10,100,15,0.3,0.895
2010,L,2010-08-06,218,9.8,20,30,0.3,1.12
2010,WC,2010-08-09,221,9.9,0,0,0,0.55
2010,WW,2010-08-09,221,9.9,0,10,0,0.52
2010,D,2010-08-11,223,9.7,40,0,0.01,4.25
2010,K,2010-08-13,225,10.4,80,13,0.1,0.725
2010,B,2010-08-16,228,10.3,40,6.5,0.02,0.76
2010,P,2010-08-17,229,8.6,100,13,0.25,1.01
2010,C,2010-08-18,230,10.5,80,2,0,1.175
2010,L,2010-08-20,232,10.3,100,14,0.35,1.57
2010,WC,2010-08-23,235,8.7,100,14,0.02,0.525
2010,WW,2010-08-23,235,8.8,100,7,0.02,0.53
2010,D,2010-08-24,236,8.3,15,25,1,2.39
2010,K,2010-08-27,239,8.9,90,12.9,0.01,1.06
2010,B,2010-08-30,242,10.3,100,10,0.05,0.82
2010,P,2010-08-31,243,8.3,100,13.5,0.25,1.115
2010,C,2010-09-01,244,8.1,20,8,0.07,1.44
2010,L,2010-09-03,246,8.7,0,11.2,0.3,1.33
2010,P,2010-09-07,250,8.6,90,0,0,1.37
2010,P,2010-09-28,271,9.5,0,12,0.1,1.72
2011,D,2011-06-29,180,9,3,18,0.4,1.3
2011,D,2011-07-18,199,9.5,2,15,0.45,1.62
2011,D,2011-07-27,208,8.9,40,35,0.8,2.94
2011,D,2011-08-10,222,10.2,10,4,0,2.32
2011,D,2011-08-24,236,8.6,5,0,0.05,4.06
2011,K,2011-05-20,140,8.8,35,18,0.05,1.09
2011,K,2011-06-03,154,8.7,100,15,0.2,0.955
2011,K,2011-06-17,168,9,100,14,0.05,1.28
2011,K,2011-06-30,181,8.3,5,11,0.1,1.83
2011,K,2011-07-15,196,9.9,0,12,0.05,1.06
2011,K,2011-07-29,210,8.8,1,9,0.1,1.35
2011,K,2011-08-12,224,8.9,100,12,0.3,0.72
2011,K,2011-08-26,238,8.8,0,10,0.2,1.4
2011,L,2011-05-13,133,8.5,0,14,0.1,1.3
2011,L,2011-05-27,147,9.4,100,11,0.05,0.98
2011,L,2011-06-10,161,8.7,5,9.5,0.15,1.47
2011,L,2011-06-24,175,8.7,90,9,0.15,2.04
2011,L,2011-07-08,189,9.1,100,24,0.25,3.24
2011,L,2011-07-22,203,8.7,70,13,0.15,1.38
2011,L,2011-08-05,217,10.1,90,14,0,0.89
2011,L,2011-08-19,231,8.8,0,8,0.2,1.87
2011,L,2011-09-02,245,13.5,100,14,0.5,1.25
2011,P,2011-05-10,130,8.5,100,11,0.3,0.56
2011,P,2011-05-25,145,8.9,0,2,0.05,0.63
2011,C,2011-05-11,131,8.5,80,12,0.2,1.16
2011,C,2011-05-26,146,9.1,5,7,0.05,1.47
2011,C,2011-06-08,159,7.9,40,13,0.04,1.26
2011,C,2011-06-22,173,8.6,75,0,0.02,2.38
2011,C,2011-07-06,187,8.4,2,6,0.02,0.86
2011,C,2011-07-20,201,9.6,65,15,0.15,1.3
2011,C,2011-08-04,216,10.3,5,11,0.15,1.07
2011,C,2011-08-17,229,8.4,0,12,0.15,1.59
2011,C,2011-08-31,243,8.6,100,9,0.05,1.05
2011,D,2011-05-18,138,8.8,70,9,0.15,3.6
2011,D,2011-06-01,152,9.2,20,0,0,3.225
2011,D,2011-06-15,166,8.8,5,15,0.15,1.24
2011,P,2011-06-07,158,8.3,100,15,0.3,0.78
2011,P,2011-06-21,172,8.3,100,2,0.03,2.05
2011,P,2011-07-05,186,8.5,0,5,0,1.35
2011,P,2011-07-19,200,8.9,0,11,0.12,1.04
2011,P,2011-08-03,215,7.9,40,0,0.01,0.93
2011,P,2011-08-16,228,8.8,40,30,0.5,0.66
2011,P,2011-08-30,242,8.5,65,0,0.1,0.86
2011,P,2011-09-08,251,8.5,0,12,0.15,1.28
2011,P,2011-09-22,265,8.8,0,35,0.2,1.63
2011,WC,2011-05-02,122,8.1,70,11,0,0.0975
2011,WW,2011-05-02,122,8.3,30,7,0,0.1075
2011,WC,2011-05-16,136,8.2,2,40,0.6,0.27
2013,B,2013-06-03,154,8.56,95,20,0.5,0.72
2013,P,2013-06-04,155,8.94,30,12,0.35,0.385
2013,C,2013-06-05,156,9.07,20,0,0,0.72
2013,L,2013-06-07,158,8.82,70,12,0.1,1.33
2013,WC,2013-06-10,161,8.4,45,14,0,0.89
2013,WW,2013-06-10,161,8.42,20,11,0,0.785
2013,D,2013-06-12,163,8.6,70,5,0.1,4.7
2013,K,2013-06-14,165,9.16,100,11,0.15,0.66
2013,B,2013-06-17,168,8.63,95,0,0,0.75
2013,P,2013-06-18,169,8.31,30,10,0.15,2.02
2013,C,2013-06-19,170,9.08,40,14,0.1,5.45
2013,L,2013-06-21,172,9.25,20,0,0,2.03
2012,C,2012-07-18,200,8.13,100,15,0.08,1.96
2012,C,2012-08-01,214,9.04,80,0,0,0.9
2012,C,2012-08-15,228,7.63,100,36,0.25,1.6
2012,C,2012-08-29,242,7.93,0,40,0.15,1.33
2012,D,2012-05-02,123,8.7,70,10,0.15,3.1
2012,D,2012-05-16,137,8.8,50,5,0,3.09
2012,D,2012-05-30,151,8.6,0,0,0,4.02
2012,D,2012-06-13,165,8.6,90,8,0.05,2.4
2012,D,2012-07-11,193,8.37,50,10,0.05,6.43
2012,D,2012-07-30,212,7.73,0,0,0,6.9
2012,D,2012-08-08,221,8.22,5,0,0,5.75
2012,D,2012-08-22,235,8.24,70,0,0,6.3
2011,WW,2011-05-16,136,8.4,0,11,0.15,0.34
2011,WC,2011-05-30,150,9,100,11,0.2,0.23
2011,WW,2011-05-30,150,9.1,100,5,0,0.26
2011,WC,2011-06-13,164,8.8,100,0,0,0.725
2011,WW,2011-06-13,164,8.7,60,0,0,0.83
2011,WC,2011-06-27,178,8,50,5,0,0.46
2011,WW,2011-06-27,178,8.1,50,9,0,0.41
2011,WC,2011-07-11,192,9.7,75,4,0.05,0.85
2011,WW,2011-07-11,192,9.4,40,5,0,0.54
2011,WC,2011-07-25,206,8.6,0,8,0.05,0.775
2011,WW,2011-07-25,206,9,0,0,0,0.645
2011,WC,2011-08-08,220,9.8,100,0,0.05,0.83
2012,K,2012-05-04,125,8.6,100,13,0.15,1.7
2012,K,2012-05-18,139,8.7,100,9,0.05,1.5
2012,K,2012-06-01,153,8.9,0,12,0,0.5
2012,K,2012-06-15,167,8.6,100,11,0.02,1.8
2012,K,2012-06-29,181,8.52,0,0,0,2.7
2012,K,2012-07-13,195,8.66,15,4,0.05,1.6
2012,K,2012-07-27,209,8.93,30,0,0,0.64
2012,K,2012-08-10,223,8.19,100,7,0.07,1.85
2012,K,2012-08-24,237,8.67,50,10,0.1,0.88
2012,L,2012-05-11,132,8.6,30,21,0.3,1.35
2012,L,2012-05-25,146,8.6,0,11,0.1,2
2012,L,2012-06-08,160,8.6,0,8,0,1.6
2012,P,2012-07-31,213,8.49,0,50,0.2,1.3
2012,P,2012-08-14,227,7.48,0,12,0.02,1.4
2012,P,2012-08-28,241,,,,,
2012,WC,2012-05-01,122,9.1,25,9,0.05,0.36
2012,WW,2012-05-01,122,9.1,90,3,0,0.35
2012,WC,2012-05-14,135,8.9,0,8,0,0.48
2012,WW,2012-05-14,135,9,0,12,0,0.4
2012,WW,2012-05-28,149,8.7,100,7,0,0.67
2012,WC,2012-05-28,149,8.7,100,7,0.03,0.79
2012,WC,2012-06-11,163,8.5,75,15,0,1.28
2012,WW,2012-06-11,163,8.5,75,20,0,1.2
2012,WC,2012-06-25,177,8.39,10,15,0.1,1.08
2013,WW,2013-06-24,175,9.07,0,0,0,1.12
2013,WC,2013-06-24,175,9.04,0,0,0,1.42
2013,D,2013-06-26,177,9.3,0,22,0.5,4.025
2013,K,2013-06-28,179,9.4,5,11,0.2,2.975
2013,B,2013-07-02,183,9.78,0,6,0.05,0.35
2013,P,2013-07-03,184,9.18,5,0,0.05,2.26
2013,C,2013-07-04,185,9.13,0,11,0.25,1.18
2013,L,2013-07-05,186,9.31,98,8,0,4.07
2013,WC,2013-07-08,189,9.29,20,0,0,1.15
2013,WW,2013-07-08,189,9.35,70,8,0,1.13
2013,D,2013-07-10,191,9.2,0,0,0,4.99
2013,K,2013-07-12,193,10.39,70,9,0.3,1.125
2011,WW,2011-08-08,220,9.7,100,10,0.05,0.8
2011,WC,2011-08-22,234,8.3,0,2,0.02,0.46
2011,WW,2011-08-22,234,8.4,0,2,0.02,0.5
2011,WC,2011-09-07,250,8.5,0,0,0,0.615
2011,WW,2011-09-07,250,8.7,0,0,0,0.705
2011,WC,2011-09-20,263,9.3,70,10,0.1,0.52
2011,WW,2011-09-20,263,9.4,70,18,0.1,0.475
2010,WW,2010-06-28,179,8.6,100,13,0.03,0.465
2010,D,2010-06-30,181,9.1,50,15,0.3,1.6
2010,K,2010-07-02,183,9.3,25,0,0,3.45
2010,B,2010-07-05,186,9.3,80,20,0.4,0.68
2010,P,2010-07-06,187,7.8,5,20,0.25,1.685
2010,C,2010-07-07,188,8.6,10,18,0.4,1.72
2010,L,2010-07-09,190,9.5,0,0,0,2.5
2010,WC,2010-07-12,193,9.3,50,20,0.3,0.65
2010,WW,2010-07-12,193,9.4,20,10,0,0.545
2010,B,2010-07-14,195,8.4,90,30,1,0.66
2010,K,2010-07-16,197,9.7,0,0,0,1.77
2012,B,2012-05-07,128,8.8,60,31,0.7,0.9
2012,B,2012-05-22,143,8.6,100,16,0.3,1.7
2009,C,2009-06-11,162,9,65,0,0.03,1.98
2009,C,2009-06-24,175,8.8,40,20,0.2,2.81
2009,C,2009-07-08,189,8.6,100,12.5,0.03,2.11
2009,C,2009-07-22,203,12.2,20,4,0.1,1.26
2011,B,2011-05-09,129,8.8,100,16,0.18,0.98
2011,B,2011-05-24,144,8.6,100,17,0.15,1.6
2011,B,2011-06-06,157,8.8,75,0,0.05,1.17
2011,B,2011-06-20,171,8.7,30,0,0,1.25
2011,B,2011-07-04,185,9.2,5,20,0.2,0.69
2011,B,2011-07-13,194,9.6,20,15,0.25,1.03
2011,B,2011-08-02,214,8.2,30,4,0.05,0.835
2011,B,2011-08-15,227,9,75,0,0,0.855
2011,B,2011-08-29,241,8.8,10,22,0.6,0.75
2013,B,2013-07-15,196,10.2,100,18,0.5,0.545
2013,P,2013-07-16,197,8.88,1,12,0.2,0.73
2013,C,2013-07-17,198,10.45,75,0,0,0.6
2013,L,2013-07-19,200,10.94,0,0,0,2.62
2013,WW,2013-07-22,203,8.8,65,8,0,0.34
2013,WC,2013-07-22,203,8.8,50,7,0,0.42
2013,D,2013-07-24,205,8.7,70,7,0.2,4.87
2013,K,2013-07-26,207,9.2,65,0,0,0.79
2013,B,2013-07-29,210,9,50,12,0.1,0.64
2013,P,2013-07-30,211,9.2,45,12,0.4,0.79
2013,C,2013-07-31,212,8.9,75,16,0.45,0.85
2013,L,2013-08-02,214,9.1,60,0,0,1.225
2013,WC,2013-08-06,218,9.2,100,0,0.01,0.55
2013,WW,2013-08-06,218,9.2,99,0,0,0.505
2013,D,2013-08-07,219,8.8,65,13,0.2,3.86
2013,K,2013-08-09,221,9.4,90,14,0.15,0.98
2013,B,2013-08-12,224,9.3,20,7,0.05,0.5
2013,P,2013-08-13,225,9.2,30,9,0.25,1.92
2013,C,2013-08-14,226,9,50,0,0,2.54
2013,L,2013-08-16,228,8.9,20,12,0.1,1.5
2013,WC,2013-08-19,231,9,0,7,0,0.57
2013,WW,2013-08-19,231,9,0,0,0,0.475
2013,D,2013-08-21,233,8.7,0,10,0.15,5.91
2013,K,2013-08-23,235,9.1,15,7,0.05,1.11
2013,B,2013-08-26,238,9.2,40,0,0,0.44
2013,P,2013-08-27,239,9.3,0,0,0,1.08
2013,C,2013-08-28,240,9.3,0,13,0.04,0.624
2013,L,2013-08-30,242,9.1,10,26,0.3,1.425
2013,WW,2013-05-13,133,9.4,1,0,0,0.125
2013,WC,2013-05-13,133,8.34,3,12,0,0.19
2013,D,2013-05-15,135,10.43,7,8,0,2.985
2013,K,2013-05-17,137,10.07,100,11,0.07,0.83
2013,B,2013-05-21,141,8.72,20,20,0.3,0.45
2013,P,2013-05-22,142,8.3,20,12,0.1,0.145
2013,C,2013-05-23,143,8.46,10,20,0.2,0.95
2013,WW,2013-05-27,147,8.32,100,0,0,0.4
2013,WC,2013-05-27,147,8.34,100,5,0,0.34
2013,D,2013-05-29,149,8.83,65,7,0.05,4.87
2014,C,2014-06-11,162,8.6,99,13,0.2,1.73
2014,C,2014-06-25,176,9,90,14,0.2,3.025
2014,C,2014-07-23,204,8.1,10,17,0.3,3.05
2014,C,2014-08-07,219,8.6,100,9,0.2,2.12
2014,C,2014-08-20,232,8.4,65,8,0.3,1.81
2014,D,2014-05-21,141,8.9,5,12,0.2,4.4
2014,D,2014-06-04,155,8.9,60,12,0.1,4.09
2012,L,2012-06-22,174,8.62,5,0,0,1.13
2012,L,2012-07-06,188,8.57,0,7,0.1,2
2012,L,2012-07-20,202,8.54,0,11,0.05,1.47
2012,L,2012-08-03,216,8.97,100,28,0.25,1.13
2012,L,2012-08-17,230,8.2,0,0,0,0.97
2012,L,2012-08-31,244,8.23,0,0,0,2
2012,P,2012-05-08,129,9.1,0,4,0,0.49
2012,P,2012-05-23,144,8.7,100,2,0.05,0.5
2012,P,2012-06-05,157,8.5,70,45,0.5,1.15
2012,P,2012-06-19,171,8.46,100,13,0.05,1.65
2012,P,2012-07-04,186,8.34,0,24,0.15,1.5
2012,P,2012-07-17,199,8.21,100,11,0.3,1.25
2012,WW,2012-06-25,177,8.39,0,17,0.05,0.95
2012,WC,2012-07-09,191,9.01,0,14,0.05,0.56
2012,WW,2012-07-09,191,8.97,0,9,0.02,0.57
2012,WC,2012-07-23,205,9.16,0,20,0.01,1.41
2012,WW,2012-07-23,205,9.52,0,0,0,0.895
2012,WC,2012-08-07,220,9.31,20,5,0.02,0.92
2012,WW,2012-08-07,220,8.78,30,3,0,1.03
2012,WW,2012-08-20,233,9.48,10,4,0,1.1
2012,WC,2012-08-20,233,9.02,10,8,0,1.16
2014,K,2014-08-01,213,9.2,0,5.5,0,1.77
2014,K,2014-08-15,227,9.4,5,0,0,0.645
2014,L,2014-05-16,136,9.1,75,0,0,0.985
2014,L,2014-05-30,150,7.8,0,22,0.5,1.56
2014,L,2014-06-13,164,8.7,100,14.5,0.25,1.455
2014,L,2014-06-27,178,9.3,100,12,0.1,2.46
2014,L,2014-07-11,192,8.6,0,20,1,2.2
2014,L,2014-07-25,206,8.7,0,28,0.55,2.37
2014,L,2014-08-08,220,8.8,0,10.5,0.1,2.14
2014,L,2014-08-22,234,8.8,85,7,0.4,1.99
2014,P,2014-05-13,133,8.4,25,20,0.5,0.51
2014,P,2014-05-27,147,7.7,0,12,0.2,0.67
2014,P,2014-06-24,175,8.8,80,3.5,0,1.01
2014,P,2014-07-08,189,9.3,0,13,0.15,0.925
2014,P,2014-07-22,203,8.5,10,5,0.05,0.99
2014,P,2014-08-06,218,8.3,100,4,0.1,1.57
2014,P,2014-08-19,231,8.5,0,14.5,0.4,1.28
2014,WC,2014-05-05,125,8.5,100,11,0.05,0.515
2014,WC,2014-05-20,140,8.6,90,5,0,0.645
2014,WC,2014-06-02,153,8.4,100,0,0,0.85
2014,WC,2014-06-16,167,7.6,100,9,,1.69
2014,WC,2014-06-30,181,8.8,100,13,0.02,0.67
2014,WC,2014-07-14,195,8.1,60,0,0,0.745
2014,WC,2014-07-28,209,8.5,5,3,0.05,0.475
2014,WC,2014-08-11,223,8.7,0,9,0,0.615
2014,WW,2014-05-05,125,8.5,100,10,0,0.44
2014,WW,2014-05-20,140,8,100,10,0.05,
2014,WW,2014-06-02,153,8.4,100,0,0,1.125
2014,WW,2014-06-16,167,8.2,100,11,,1.5
2014,WW,2014-06-30,181,8.7,100,11,0.02,0.73
2014,WW,2014-07-14,195,8,50,0,0,0.76
2014,WW,2014-07-28,209,8.5,5,2,0,0.5
2014,WW,2014-08-11,223,8.7,0,3,0,0.47
2014,D,2014-06-18,169,9.7,100,15,0.3,2.165
2014,D,2014-07-02,183,9.4,0,12,0.2,3.4
2014,D,2014-07-16,197,8.7,20,8,0.2,4.64
2014,D,2014-07-30,211,8.8,50,10,0.3,3.27
2014,D,2014-08-13,225,8.9,60,13,0.5,3.85
2014,K,2014-05-23,143,9,2,12,0.1,1.36
2014,K,2014-06-06,157,9.1,46,17,0.4,1.31
2014,K,2014-06-20,171,9.2,100,5.5,0,3.475
2014,K,2014-07-04,185,9.2,15,10,0.15,1.79
2014,K,2014-07-17,198,8.9,100,16,0.45,1.095
